Day,Micro,,,,
03/01/2000,9186.7,,,,
04/01/2000,9717.1,,,,9707.816635
05/01/2000,9610.5,,,,
06/01/2000,9463.6,,,,
07/01/2000,9846.6,,,,10107.12103
08/01/2000,9760.2,,,,
09/01/2000,9839.2,,,,
10/01/2000,10274.7,,,,
11/01/2000,10292.6,,,,
12/01/2000,10017,,,,
13/01/2000,10241.7,,,,
14/01/2000,9853.4,,,,
15/01/2000,9854.9,,,,
16/01/2000,9734.8,,,,
17/01/2000,10252.7,,,,
18/01/2000,10199,,,,
19/01/2000,10171.3,,,,
20/01/2000,9956.8,,,,
21/01/2000,10145.1,,,,
22/01/2000,10096.6,,,,
23/01/2000,9783,,,,
24/01/2000,10562.4,,,,
25/01/2000,10584,,,,
26/01/2000,10658,,,,
27/01/2000,10725.2,,,,
28/01/2000,10865.8,,,,
29/01/2000,10743.2,,,,
30/01/2000,10567.2,,,,
31/01/2000,10341.4,,,,
01/02/2000,10292.2,,,,
02/02/2000,10637.4,,,,
03/02/2000,10627,,,,
04/02/2000,10299.3,,,,
05/02/2000,9993.1,,,,
06/02/2000,10067.1,,,,
07/02/2000,10270.1,,,,
08/02/2000,10175.2,,,,
09/02/2000,10352.3,,,,
10/02/2000,9763.7,,,,
11/02/2000,9920.9,,,,
12/02/2000,9673.5,,,,
13/02/2000,9372.8,,,,
14/02/2000,9553.6,,,,
15/02/2000,9624.2,,,,
16/02/2000,9788.3,,,,
17/02/2000,9902.1,,,,
18/02/2000,9780.8,,,,
19/02/2000,10241.1,,,,
20/02/2000,10264.4,,,,
21/02/2000,10365.1,,,,
22/02/2000,10397.3,,,,
23/02/2000,10488.4,,,,
24/02/2000,10260.3,,,,
25/02/2000,10389.3,,,,
26/02/2000,10330.6,,,,
27/02/2000,10178.3,,,,
28/02/2000,10161.6,,,,
29/02/2000,10181.7,,,,
01/03/2000,10407.8,,,,
02/03/2000,10411.7,,,,
03/03/2000,10546.1,,,,
04/03/2000,10316.8,,,,
05/03/2000,10257.7,,,,
06/03/2000,10720.7,,,,
07/03/2000,10729.4,,,,
08/03/2000,10875.4,,,,
09/03/2000,11011.9,,,,
10/03/2000,10734,,,,
11/03/2000,10694.4,,,,
12/03/2000,10852.1,,,,
13/03/2000,10898.5,,,,
14/03/2000,10999.3,,,,
15/03/2000,11050.8,,,,
16/03/2000,11271.5,,,,
17/03/2000,11114.8,,,,
18/03/2000,11383.5,,,,
19/03/2000,11328,,,,
20/03/2000,11422.2,,,,
21/03/2000,11552.5,,,,
22/03/2000,11766.4,,,,
23/03/2000,11887.2,,,,
24/03/2000,11491.8,,,,
25/03/2000,11545.2,,,,
26/03/2000,11549,,,,
27/03/2000,11255.7,,,,
28/03/2000,11341,,,,
29/03/2000,11101.7,,,,
30/03/2000,11213.1,,,,
31/03/2000,11257.3,,,,
01/04/2000,11081.7,,,,
02/04/2000,10981.8,,,,
03/04/2000,11021.6,,,,
04/04/2000,10893.9,,,,
05/04/2000,10975,,,,
06/04/2000,10806.5,,,,
07/04/2000,10496.8,,,,
08/04/2000,10150.5,,,,
09/04/2000,10184.5,,,,
10/04/2000,10128.7,,,,
11/04/2000,10317.9,,,,
12/04/2000,10298,,,,
13/04/2000,10015.2,,,,
14/04/2000,10012,,,,
15/04/2000,9986.7,,,,
16/04/2000,9838.1,,,,
17/04/2000,9931.5,,,,
18/04/2000,9740.6,,,,
19/04/2000,9634.6,,,,
20/04/2000,9509.6,,,,
21/04/2000,9262.3,,,,
22/04/2000,8929.8,,,,
23/04/2000,8654.6,,,,
24/04/2000,8667.9,,,,
25/04/2000,8703.4,,,,
26/04/2000,8279.5,,,,
27/04/2000,8665.3,,,,
28/04/2000,8632.1,,,,
29/04/2000,8553.6,,,,
30/04/2000,8570,,,,
01/05/2000,8347.1,,,,
02/05/2000,8336.2,,,,
03/05/2000,8792,,,,
04/05/2000,8807.2,,,,
05/05/2000,8882.5,,,,
06/05/2000,8771.2,,,,
07/05/2000,8953.7,,,,
08/05/2000,8313.4,,,,
09/05/2000,8397.5,,,,
10/05/2000,8480.3,,,,
11/05/2000,8484.3,,,,
12/05/2000,8979.4,,,,
13/05/2000,8932.7,,,,
14/05/2000,8982.5,,,,
15/05/2000,8812.2,,,,
16/05/2000,8846.5,,,,
17/05/2000,9036.1,,,,
18/05/2000,8944,,,,
19/05/2000,8687,,,,
20/05/2000,8721.6,,,,
21/05/2000,8925,,,,
22/05/2000,8991.1,,,,
23/05/2000,9065.1,,,,
24/05/2000,8993.4,,,,
25/05/2000,8923.2,,,,
26/05/2000,9031.7,,,,
27/05/2000,9022.6,,,,
28/05/2000,8648.2,,,,
29/05/2000,8700.7,,,,
30/05/2000,8551,,,,
31/05/2000,8598,,,,
01/06/2000,8638.7,,,,
02/06/2000,8738.8,,,,
03/06/2000,8940.1,,,,
04/06/2000,8883.4,,,,
05/06/2000,8768.3,,,,
06/06/2000,8723.1,,,,
07/06/2000,8792.6,,,,
08/06/2000,8664.2,,,,
09/06/2000,8723.9,,,,
10/06/2000,8709.3,,,,
11/06/2000,8694.7,,,,
12/06/2000,8688.8,,,,
13/06/2000,8464.2,,,,
14/06/2000,8090,,,,
15/06/2000,8173.5,,,,
16/06/2000,8339.5,,,,
17/06/2000,8463.4,,,,
18/06/2000,8363.3,,,,
19/06/2000,8541.4,,,,
20/06/2000,8554,,,,
21/06/2000,8548.1,,,,
22/06/2000,8607.2,,,,
23/06/2000,8646.6,,,,
24/06/2000,8409.4,,,,
25/06/2000,8267.7,,,,
26/06/2000,8123.7,,,,
27/06/2000,8193.6,,,,
28/06/2000,8366.9,,,,
29/06/2000,8238.8,,,,
30/06/2000,8053.7,,,,
01/07/2000,7940.8,,,,
02/07/2000,8041.7,,,,
03/07/2000,8149.8,,,,
04/07/2000,8120.7,,,,
05/07/2000,7806.3,,,,
06/07/2000,7833.6,,,,
07/07/2000,7622.7,,,,
08/07/2000,7759.3,,,,
09/07/2000,7973.6,,,,
10/07/2000,7804.2,,,,
11/07/2000,7826.3,,,,
12/07/2000,8050.9,,,,
13/07/2000,7969.3,,,,
14/07/2000,7971.5,,,,
15/07/2000,8051.5,,,,
16/07/2000,7720.3,,,,
17/07/2000,7752.5,,,,
18/07/2000,7929.2,,,,
19/07/2000,7927.6,,,,
20/07/2000,8200,,,,
21/07/2000,8320.9,,,,
22/07/2000,8256.4,,,,
23/07/2000,8177,,,,
24/07/2000,7906.5,,,,
25/07/2000,7910.5,,,,
26/07/2000,7803.7,,,,
27/07/2000,7796.8,,,,
28/07/2000,7924.2,,,,
29/07/2000,7920.1,,,,
30/07/2000,7688.5,,,,
31/07/2000,7541.1,,,,
01/08/2000,7404.9,,,,
02/08/2000,7255.2,,,,
03/08/2000,7479.5,,,,
04/08/2000,7665.4,,,,
05/08/2000,7337.5,,,,
06/08/2000,7409.7,,,,
07/08/2000,7374.2,,,,
08/08/2000,7408.8,,,,
09/08/2000,7583.6,,,,
10/08/2000,7414.3,,,,
11/08/2000,7255.5,,,,
12/08/2000,7066,,,,
13/08/2000,6981.5,,,,
14/08/2000,7013.1,,,,
15/08/2000,7366.8,,,,
16/08/2000,7286.3,,,,
17/08/2000,7263,,,,
18/08/2000,7243.4,,,,
19/08/2000,7088.8,,,,
20/08/2000,7048.3,,,,
21/08/2000,7226.5,,,,
22/08/2000,7236.2,,,,
23/08/2000,7435,,,,
24/08/2000,7553.7,,,,
25/08/2000,7567,,,,
26/08/2000,7244.1,,,,
27/08/2000,7179.4,,,,
28/08/2000,7207,,,,
29/08/2000,7100.7,,,,
30/08/2000,7434.2,,,,
31/08/2000,7489.1,,,,
01/09/2000,7669.3,,,,
02/09/2000,7681.6,,,,
03/09/2000,7707.2,,,,
04/09/2000,7530.7,,,,
05/09/2000,7465.5,,,,
06/09/2000,7540,,,,
07/09/2000,7473.5,,,,
08/09/2000,7353.5,,,,
09/09/2000,7484.6,,,,
10/09/2000,7522.5,,,,
11/09/2000,7395.6,,,,
12/09/2000,7422.2,,,,
13/09/2000,7601.5,,,,
14/09/2000,7441.7,,,,
15/09/2000,7175.9,,,,
16/09/2000,7190.6,,,,
17/09/2000,7199.5,,,,
18/09/2000,7269.7,,,,
19/09/2000,7415.6,,,,
20/09/2000,7530.4,,,,
21/09/2000,7493.8,,,,
22/09/2000,7399.7,,,,
23/09/2000,7280.3,,,,
24/09/2000,7503,,,,
25/09/2000,7548.2,,,,
26/09/2000,7633.2,,,,
27/09/2000,7656.6,,,,
28/09/2000,7683.2,,,,
29/09/2000,7639.4,,,,
30/09/2000,7574.3,,,,
01/10/2000,7555.5,,,,
02/10/2000,7400.4,,,,
03/10/2000,7461.6,,,,
04/10/2000,7573.7,,,,
05/10/2000,7492.7,,,,
06/10/2000,7531.4,,,,
07/10/2000,7369.5,,,,
08/10/2000,7367.5,,,,
09/10/2000,7321.2,,,,
10/10/2000,7288.6,,,,
11/10/2000,7138.8,,,,
12/10/2000,7097.1,,,,
13/10/2000,6995.6,,,,
14/10/2000,7064.5,,,,
15/10/2000,7153.6,,,,
16/10/2000,7063.6,,,,
17/10/2000,7139.3,,,,
18/10/2000,7356.7,,,,
19/10/2000,7532.1,,,,
20/10/2000,7590.4,,,,
21/10/2000,7635.4,,,,
22/10/2000,7690.8,,,,
23/10/2000,7684.8,,,,
24/10/2000,8030.8,,,,
25/10/2000,7883.5,,,,
26/10/2000,7785.4,,,,
27/10/2000,7742.1,,,,
28/10/2000,7647.4,,,,
29/10/2000,7686.6,,,,
30/10/2000,7609.2,,,,
31/10/2000,7605.4,,,,
01/11/2000,7469.6,,,,
02/11/2000,7484.4,,,,
03/11/2000,7461.2,,,,
04/11/2000,7564.2,,,,
05/11/2000,7536.7,,,,
06/11/2000,7500.9,,,,
07/11/2000,7474.7,,,,
08/11/2000,7613.7,,,,
09/11/2000,7480.5,,,,
10/11/2000,7450.2,,,,
11/11/2000,7407.9,,,,
12/11/2000,7533.2,,,,
13/11/2000,7496.5,,,,
14/11/2000,7479.4,,,,
15/11/2000,7568.8,,,,
16/11/2000,7707.7,,,,
17/11/2000,7777.1,,,,
18/11/2000,7716,,,,
19/11/2000,7688.5,,,,
20/11/2000,7599.7,,,,
21/11/2000,7680.4,,,,
22/11/2000,7664.5,,,,
23/11/2000,7721.8,,,,
24/11/2000,7681.2,,,,
25/11/2000,7720.4,,,,
26/11/2000,7699.5,,,,
27/11/2000,7809,,,,
28/11/2000,7896.2,,,,
29/11/2000,7809.7,,,,
30/11/2000,7869,,,,
01/12/2000,7748.1,,,,
02/12/2000,7715.5,,,,
03/12/2000,7718.5,,,,
04/12/2000,7695.5,,,,
05/12/2000,7632.3,,,,
06/12/2000,7539,,,,
07/12/2000,7443.2,,,,
08/12/2000,7421,,,,
09/12/2000,7642,,,,
10/12/2000,7678.2,,,,
11/12/2000,7683.7,,,,
12/12/2000,7767.4,,,,
13/12/2000,7819.4,,,,
14/12/2000,7745.9,,,,
15/12/2000,7782.9,,,,
16/12/2000,7781.9,,,,
17/12/2000,7963,,,,
18/12/2000,7976.7,,,,
19/12/2000,7978.5,,,,
20/12/2000,7982.5,,,,
21/12/2000,8098,,,,
22/12/2000,8233.5,,,,
23/12/2000,8163.3,,,,
24/12/2000,8191,,,,
25/12/2000,8227,,,,
26/12/2000,8190.3,,,,
27/12/2000,8046.8,,,,
28/12/2000,8086.3,,,,
29/12/2000,8137.3,,,,
30/12/2000,8296,,,,
31/12/2000,8322.6,,,,
01/01/2001,8286.1,,,,
02/01/2001,8251.5,,,,
03/01/2001,8236.1,,,,
04/01/2001,8230.4,,,,
05/01/2001,8491.6,,,,
06/01/2001,8517.5,,,,
07/01/2001,8495.1,,,,
08/01/2001,8425.8,,,,
09/01/2001,8395.7,,,,
10/01/2001,8381.8,,,,
11/01/2001,8273.2,,,,
12/01/2001,8276.7,,,,
13/01/2001,8313.2,,,,
14/01/2001,8215.8,,,,
15/01/2001,8207,,,,
16/01/2001,8334.3,,,,
17/01/2001,8288.3,,,,
18/01/2001,8313,,,,
19/01/2001,8316.1,,,,
20/01/2001,8320.2,,,,
21/01/2001,8417.3,,,,
22/01/2001,8398.5,,,,
23/01/2001,8311.4,,,,
24/01/2001,8352.9,,,,
25/01/2001,8328.6,,,,
26/01/2001,8262.3,,,,
27/01/2001,8352.5,,,,
28/01/2001,8194.5,,,,
29/01/2001,8209.1,,,,
30/01/2001,8190.5,,,,
31/01/2001,8170.9,,,,
01/02/2001,8045.2,,,,
02/02/2001,8065.2,,,,
03/02/2001,8052.2,,,,
04/02/2001,8158.7,,,,
05/02/2001,8105,,,,
06/02/2001,8081.7,,,,
07/02/2001,8057,,,,
08/02/2001,8137.7,,,,
09/02/2001,8138.1,,,,
10/02/2001,7995.8,,,,
11/02/2001,8058.8,,,,
12/02/2001,8091.3,,,,
13/02/2001,8015.3,,,,
14/02/2001,8135.5,,,,
15/02/2001,8110.1,,,,
16/02/2001,8054.6,,,,
17/02/2001,8000.3,,,,
18/02/2001,8095.2,,,,
19/02/2001,8021.3,,,,
20/02/2001,8043.3,,,,
21/02/2001,8095,,,,
22/02/2001,8086.9,,,,
23/02/2001,8042.7,,,,
24/02/2001,8020.7,,,,
25/02/2001,8003.6,,,,
26/02/2001,7951,,,,
27/02/2001,7877.6,,,,
28/02/2001,7763.8,,,,
01/03/2001,7789.6,,,,
02/03/2001,7783,,,,
03/03/2001,7780.5,,,,
04/03/2001,7802.8,,,,
05/03/2001,7835.4,,,,
06/03/2001,7862.1,,,,
07/03/2001,7856.9,,,,
08/03/2001,7847.1,,,,
09/03/2001,7759.4,,,,
10/03/2001,7690.2,,,,
11/03/2001,7614.9,,,,
12/03/2001,7588.7,,,,
13/03/2001,7731,,,,
14/03/2001,7855.8,,,,
15/03/2001,7772,,,,
16/03/2001,7674.6,,,,
17/03/2001,7444.5,,,,
18/03/2001,7402.4,,,,
19/03/2001,7276,,,,
20/03/2001,7275.9,,,,
21/03/2001,7308.1,,,,
22/03/2001,7250.1,,,,
23/03/2001,7472,,,,
24/03/2001,7507.2,,,,
25/03/2001,7644.7,,,,
26/03/2001,7663.4,,,,
27/03/2001,7670,,,,
28/03/2001,7660.4,,,,
29/03/2001,7609.8,,,,
30/03/2001,7709.9,,,,
31/03/2001,7632.8,,,,
01/04/2001,7629,,,,
02/04/2001,7647.7,,,,
03/04/2001,7625.9,,,,
04/04/2001,7647.8,,,,
05/04/2001,7598.5,,,,
06/04/2001,7620.2,,,,
07/04/2001,7620.4,,,,
08/04/2001,7623,,,,
09/04/2001,7573.4,,,,
10/04/2001,7677.8,,,,
11/04/2001,7754.8,,,,
12/04/2001,7576.3,,,,
13/04/2001,7550.7,,,,
14/04/2001,7584.2,,,,
15/04/2001,7656.9,,,,
16/04/2001,7579.4,,,,
17/04/2001,7649.7,,,,
18/04/2001,7587.1,,,,
19/04/2001,7525.8,,,,
20/04/2001,7455.9,,,,
21/04/2001,7357.5,,,,
22/04/2001,7388.2,,,,
23/04/2001,7323.7,,,,
24/04/2001,7240,,,,
25/04/2001,7204.7,,,,
26/04/2001,7259.8,,,,
27/04/2001,7360.9,,,,
28/04/2001,7364,,,,
29/04/2001,7328.2,,,,
30/04/2001,7232.8,,,,
01/05/2001,7024,,,,
02/05/2001,6848.2,,,,
03/05/2001,6930.7,,,,
04/05/2001,6957.8,,,,
05/05/2001,7066.3,,,,
06/05/2001,7066.8,,,,
07/05/2001,7057.6,,,,
08/05/2001,7040,,,,
09/05/2001,6951.2,,,,
10/05/2001,7073.1,,,,
11/05/2001,6967.6,,,,
12/05/2001,6972.1,,,,
13/05/2001,7086.5,,,,
14/05/2001,7083.8,,,,
15/05/2001,7268.8,,,,
16/05/2001,7290.3,,,,
17/05/2001,7249.3,,,,
18/05/2001,7303.6,,,,
19/05/2001,7392.1,,,,
20/05/2001,7352.1,,,,
21/05/2001,7242.3,,,,
22/05/2001,7203.6,,,,
23/05/2001,7343.8,,,,
24/05/2001,7370.5,,,,
25/05/2001,7331.5,,,,
26/05/2001,7348.6,,,,
27/05/2001,7350.3,,,,
28/05/2001,7385.8,,,,
29/05/2001,7363.9,,,,
30/05/2001,7469.6,,,,
31/05/2001,7453.1,,,,
01/06/2001,7460,,,,
02/06/2001,7379.4,,,,
03/06/2001,7344.4,,,,
04/06/2001,7434,,,,
05/06/2001,7660,,,,
06/06/2001,7705.1,,,,
07/06/2001,7836.1,,,,
08/06/2001,7812.7,,,,
09/06/2001,7747.9,,,,
10/06/2001,7857.9,,,,
11/06/2001,7884.1,,,,
12/06/2001,7798.6,,,,
13/06/2001,7725.3,,,,
14/06/2001,7817.9,,,,
15/06/2001,7822.5,,,,
16/06/2001,7834.6,,,,
17/06/2001,7729.1,,,,
18/06/2001,7678.9,,,,
19/06/2001,7680.8,,,,
20/06/2001,7623.6,,,,
21/06/2001,7763.8,,,,
22/06/2001,7826.9,,,,
23/06/2001,7860.4,,,,
24/06/2001,7925.4,,,,
25/06/2001,7988.5,,,,
26/06/2001,7985.3,,,,
27/06/2001,8140.2,,,,
28/06/2001,8122.8,,,,
29/06/2001,8088,,,,
30/06/2001,8029.7,,,,
01/07/2001,8073,,,,
02/07/2001,8086.7,,,,
03/07/2001,8074.3,,,,
04/07/2001,8097.1,,,,
05/07/2001,8025.6,,,,
06/07/2001,7947.5,,,,
07/07/2001,7981.9,,,,
08/07/2001,7947,,,,
09/07/2001,7938.3,,,,
10/07/2001,7828.3,,,,
11/07/2001,7748.7,,,,
12/07/2001,7709.2,,,,
13/07/2001,7764.7,,,,
14/07/2001,7696.2,,,,
15/07/2001,7664.6,,,,
16/07/2001,7538.1,,,,
17/07/2001,7512.4,,,,
18/07/2001,7476,,,,
19/07/2001,7709.6,,,,
20/07/2001,7709.5,,,,
21/07/2001,7730.5,,,,
22/07/2001,7878.7,,,,
23/07/2001,7901.4,,,,
24/07/2001,7870,,,,
25/07/2001,7922.6,,,,
26/07/2001,8004.2,,,,
27/07/2001,8053,,,,
28/07/2001,8014.4,,,,
29/07/2001,8099.3,,,,
30/07/2001,8003.1,,,,
31/07/2001,7977.4,,,,
01/08/2001,7963,,,,
02/08/2001,8104.4,,,,
03/08/2001,8045.5,,,,
04/08/2001,8040.5,,,,
05/08/2001,8127.1,,,,
06/08/2001,8183.4,,,,
07/08/2001,8248.1,,,,
08/08/2001,8300.3,,,,
09/08/2001,8284.6,,,,
10/08/2001,8348.9,,,,
11/08/2001,8270.4,,,,
12/08/2001,8168,,,,
13/08/2001,8280.9,,,,
14/08/2001,8324.7,,,,
15/08/2001,8350,,,,
16/08/2001,8298.5,,,,
17/08/2001,8290.3,,,,
18/08/2001,8227.3,,,,
19/08/2001,8228.9,,,,
20/08/2001,8295.4,,,,
21/08/2001,8283.6,,,,
22/08/2001,8355.8,,,,
23/08/2001,8494,,,,
24/08/2001,8469.3,,,,
25/08/2001,8412.8,,,,
26/08/2001,8227.2,,,,
27/08/2001,8225.6,,,,
28/08/2001,8216.3,,,,
29/08/2001,8288.2,,,,
30/08/2001,8271.2,,,,
31/08/2001,8207.2,,,,
01/09/2001,8162.5,,,,
02/09/2001,8024.4,,,,
03/09/2001,8058.9,,,,
04/09/2001,8112.5,,,,
05/09/2001,8186.6,,,,
06/09/2001,8205.6,,,,
07/09/2001,8313.3,,,,
08/09/2001,8382.8,,,,
09/09/2001,8440.1,,,,
10/09/2001,8617.9,,,,
11/09/2001,8640.2,,,,
12/09/2001,8633.6,,,,
13/09/2001,8691.3,,,,
14/09/2001,8644.8,,,,
15/09/2001,8639.3,,,,
16/09/2001,8644.8,,,,
17/09/2001,8747,,,,
18/09/2001,8777.2,,,,
19/09/2001,8742,,,,
20/09/2001,8825.3,,,,
21/09/2001,8926.4,,,,
22/09/2001,8992.7,,,,
23/09/2001,8970.6,,,,
24/09/2001,8874,,,,
25/09/2001,9095.2,,,,
26/09/2001,8986,,,,
27/09/2001,8790.4,,,,
28/09/2001,8723.5,,,,
29/09/2001,8773,,,,
30/09/2001,8753.2,,,,
01/10/2001,8698.1,,,,
02/10/2001,8620.9,,,,
03/10/2001,8438.4,,,,
04/10/2001,8385.4,,,,
05/10/2001,8558.4,,,,
06/10/2001,8801.7,,,,
07/10/2001,8811,,,,
08/10/2001,8818.1,,,,
09/10/2001,8974,,,,
10/10/2001,8936.5,,,,
11/10/2001,8919,,,,
12/10/2001,9016.2,,,,
13/10/2001,9104.3,,,,
14/10/2001,9066.2,,,,
15/10/2001,9174.1,,,,
16/10/2001,9124.4,,,,
17/10/2001,9189.9,,,,
18/10/2001,9204.4,,,,
19/10/2001,9202.9,,,,
20/10/2001,9198,,,,
21/10/2001,9188.7,,,,
22/10/2001,9174.2,,,,
23/10/2001,8855.1,,,,
24/10/2001,8973.1,,,,
25/10/2001,8985.1,,,,
26/10/2001,9074.6,,,,
27/10/2001,8881.6,,,,
28/10/2001,8740.3,,,,
29/10/2001,8748.4,,,,
30/10/2001,8602.9,,,,
31/10/2001,8509.8,,,,
01/11/2001,8505,,,,
02/11/2001,8638.2,,,,
03/11/2001,8695.3,,,,
04/11/2001,8605.5,,,,
05/11/2001,8586.5,,,,
06/11/2001,8625.6,,,,
07/11/2001,8470.1,,,,
08/11/2001,8659.2,,,,
09/11/2001,8744.7,,,,
10/11/2001,8754,,,,
11/11/2001,8872.6,,,,
12/11/2001,8987.6,,,,
13/11/2001,9046,,,,
14/11/2001,9071.6,,,,
15/11/2001,9086.5,,,,
16/11/2001,9157.9,,,,
17/11/2001,9053.6,,,,
18/11/2001,9060.8,,,,
19/11/2001,9038.7,,,,
20/11/2001,9043.8,,,,
21/11/2001,8946.4,,,,
22/11/2001,8973.9,,,,
23/11/2001,8826.2,,,,
24/11/2001,8932.5,,,,
25/11/2001,8915,,,,
26/11/2001,9010.5,,,,
27/11/2001,9101.2,,,,
28/11/2001,9080.3,,,,
29/11/2001,9112.7,,,,
30/11/2001,9134.3,,,,
01/12/2001,9239.5,,,,
02/12/2001,9239,,,,
03/12/2001,9237.7,,,,
04/12/2001,9211.7,,,,
05/12/2001,9107.9,,,,
06/12/2001,9024.7,,,,
07/12/2001,9148.5,,,,
08/12/2001,9144.1,,,,
09/12/2001,9274.1,,,,
10/12/2001,9387.1,,,,
11/12/2001,9350.9,,,,
12/12/2001,9305.3,,,,
13/12/2001,9205.6,,,,
14/12/2001,9235.5,,,,
15/12/2001,9265.4,,,,
16/12/2001,9284.1,,,,
17/12/2001,9465.6,,,,
18/12/2001,9550.8,,,,
19/12/2001,9599.9,,,,
20/12/2001,9611.2,,,,
21/12/2001,9704.3,,,,
22/12/2001,9587.4,,,,
23/12/2001,9560.5,,,,
24/12/2001,9538.5,,,,
25/12/2001,9575.1,,,,
26/12/2001,9579.5,,,,
27/12/2001,9658.1,,,,
28/12/2001,9610,,,,
29/12/2001,9523.7,,,,
30/12/2001,9452.4,,,,
31/12/2001,9395.4,,,,
01/01/2002,9292.4,,,,
02/01/2002,9305.9,,,,
03/01/2002,9422.7,,,,
04/01/2002,9508.2,,,,
05/01/2002,9658.2,,,,
06/01/2002,9634.5,,,,
07/01/2002,9518.4,,,,
08/01/2002,9495.7,,,,
09/01/2002,9510.2,,,,
10/01/2002,9536.7,,,,
11/01/2002,9706.4,,,,
12/01/2002,9743,,,,
13/01/2002,10143.7,,,,
14/01/2002,10094.5,,,,
15/01/2002,10034,,,,
16/01/2002,10032.7,,,,
17/01/2002,10093.3,,,,
18/01/2002,9903.2,,,,
19/01/2002,9858.9,,,,
20/01/2002,10067.7,,,,
21/01/2002,10090.9,,,,
22/01/2002,10247.4,,,,
23/01/2002,10157.4,,,,
24/01/2002,10131.7,,,,
25/01/2002,10151.8,,,,
26/01/2002,10293.2,,,,
27/01/2002,10366.3,,,,
28/01/2002,10389.9,,,,
29/01/2002,10403.2,,,,
30/01/2002,10374.6,,,,
31/01/2002,10355.5,,,,
01/02/2002,10331.4,,,,
02/02/2002,10191.8,,,,
03/02/2002,10054.7,,,,
04/02/2002,10107.5,,,,
05/02/2002,9998.4,,,,
06/02/2002,9845.5,,,,
07/02/2002,9728.5,,,,
08/02/2002,9674.5,,,,
09/02/2002,9894.7,,,,
10/02/2002,9785,,,,
11/02/2002,9806.3,,,,
12/02/2002,9681.1,,,,
13/02/2002,9565.5,,,,
14/02/2002,9704.8,,,,
15/02/2002,9733.8,,,,
16/02/2002,9729,,,,
17/02/2002,9720.6,,,,
18/02/2002,9677.2,,,,
19/02/2002,9760.4,,,,
20/02/2002,9836.5,,,,
21/02/2002,9954.3,,,,
22/02/2002,9830.9,,,,
23/02/2002,9848.9,,,,
24/02/2002,9839.4,,,,
25/02/2002,9855.4,,,,
26/02/2002,9967.3,,,,
27/02/2002,10050.2,,,,
28/02/2002,10000.1,,,,
01/03/2002,10097.8,,,,
02/03/2002,9956.3,,,,
03/03/2002,9835.2,,,,
04/03/2002,9783.7,,,,
05/03/2002,9887.3,,,,
06/03/2002,9906.7,,,,
07/03/2002,9869.3,,,,
08/03/2002,10068,,,,
09/03/2002,10085.2,,,,
10/03/2002,9971.4,,,,
11/03/2002,9835.1,,,,
12/03/2002,9681.7,,,,
13/03/2002,9704.5,,,,
14/03/2002,9682.5,,,,
15/03/2002,9722.6,,,,
16/03/2002,9699.9,,,,
17/03/2002,9763.2,,,,
18/03/2002,9485.6,,,,
19/03/2002,9203,,,,
20/03/2002,9322.6,,,,
21/03/2002,9265.5,,,,
22/03/2002,9024.8,,,,
23/03/2002,8933.2,,,,
24/03/2002,8890,,,,
25/03/2002,8709.6,,,,
26/03/2002,8759.2,,,,
27/03/2002,8849.2,,,,
28/03/2002,8569.4,,,,
29/03/2002,8525.8,,,,
30/03/2002,8869.7,,,,
31/03/2002,8923.6,,,,
01/04/2002,9131.6,,,,
02/04/2002,9206.6,,,,
03/04/2002,9342.5,,,,
04/04/2002,9250.2,,,,
05/04/2002,9294.4,,,,
06/04/2002,9644.4,,,,
07/04/2002,9651.4,,,,
08/04/2002,9631.4,,,,
09/04/2002,9754.4,,,,
10/04/2002,9679.8,,,,
11/04/2002,9626.7,,,,
12/04/2002,9616.2,,,,
13/04/2002,9625.4,,,,
14/04/2002,9659.6,,,,
15/04/2002,9696.1,,,,
16/04/2002,9711.9,,,,
17/04/2002,9656.3,,,,
18/04/2002,9815.4,,,,
19/04/2002,9815.6,,,,
20/04/2002,9832.7,,,,
21/04/2002,9823,,,,
22/04/2002,9753.5,,,,
23/04/2002,9732.7,,,,
24/04/2002,9975.8,,,,
25/04/2002,10033.7,,,,
26/04/2002,10142.7,,,,
27/04/2002,10087,,,,
28/04/2002,10078,,,,
29/04/2002,10000.5,,,,
30/04/2002,9848.3,,,,
01/05/2002,9898.2,,,,
02/05/2002,9942.1,,,,
03/05/2002,9861.9,,,,
04/05/2002,9965.6,,,,
05/05/2002,9913.3,,,,
06/05/2002,9755.3,,,,
07/05/2002,9717.4,,,,
08/05/2002,9624.7,,,,
09/05/2002,9443.8,,,,
10/05/2002,9349,,,,
11/05/2002,9418.8,,,,
12/05/2002,9484.4,,,,
13/05/2002,9705.9,,,,
14/05/2002,9825.6,,,,
15/05/2002,9804.5,,,,
16/05/2002,9945.7,,,,
17/05/2002,9983.6,,,,
18/05/2002,9885.2,,,,
19/05/2002,9978.8,,,,
20/05/2002,9932.5,,,,
21/05/2002,9682.1,,,,
22/05/2002,9940.6,,,,
23/05/2002,9980.4,,,,
24/05/2002,10068.7,,,,
25/05/2002,10076.5,,,,
26/05/2002,9400,,,,
27/05/2002,9452.5,,,,
28/05/2002,9580.4,,,,
29/05/2002,9598.4,,,,
30/05/2002,9720.3,,,,
31/05/2002,9805.1,,,,
01/06/2002,9874.6,,,,
02/06/2002,9966,,,,
03/06/2002,10151.8,,,,
04/06/2002,10018.2,,,,
05/06/2002,10127.7,,,,
06/06/2002,10108.2,,,,
07/06/2002,10224.9,,,,
08/06/2002,10281.7,,,,
09/06/2002,10451.3,,,,
10/06/2002,10327.3,,,,
11/06/2002,10566,,,,
12/06/2002,10688,,,,
13/06/2002,10656.5,,,,
14/06/2002,10508.6,,,,
15/06/2002,10443.5,,,,
16/06/2002,10939.9,,,,
17/06/2002,11355.6,,,,
18/06/2002,11340.1,,,,
19/06/2002,11238.6,,,,
20/06/2002,11470.1,,,,
21/06/2002,11482.9,,,,
22/06/2002,11526.5,,,,
23/06/2002,11492,,,,
24/06/2002,11654.9,,,,
25/06/2002,11618.9,,,,
26/06/2002,11674.6,,,,
27/06/2002,11593.6,,,,
28/06/2002,11456,,,,
29/06/2002,11256.1,,,,
30/06/2002,11120.3,,,,
01/07/2002,11230.5,,,,
02/07/2002,11266.8,,,,
03/07/2002,11295.3,,,,
04/07/2002,11170.8,,,,
05/07/2002,11384.7,,,,
06/07/2002,11413.7,,,,
07/07/2002,11397.3,,,,
08/07/2002,11518.1,,,,
09/07/2002,11503.8,,,,
10/07/2002,11666.8,,,,
11/07/2002,11623.5,,,,
12/07/2002,11763.8,,,,
13/07/2002,11706.8,,,,
14/07/2002,11747.9,,,,
15/07/2002,11689.7,,,,
16/07/2002,11517.6,,,,
17/07/2002,11481.4,,,,
18/07/2002,11743.9,,,,
19/07/2002,11586.5,,,,
20/07/2002,11636.6,,,,
21/07/2002,11711.8,,,,
22/07/2002,11921.7,,,,
23/07/2002,11944.2,,,,
24/07/2002,12252,,,,
25/07/2002,12272.2,,,,
26/07/2002,12313.9,,,,
27/07/2002,12547.1,,,,
28/07/2002,12681.4,,,,
29/07/2002,12489.6,,,,
30/07/2002,12189.9,,,,
31/07/2002,12418.2,,,,
01/08/2002,12528.6,,,,
02/08/2002,12452.3,,,,
03/08/2002,12512.9,,,,
04/08/2002,12672.6,,,,
05/08/2002,12946.3,,,,
06/08/2002,12769.1,,,,
07/08/2002,12130.9,,,,
08/08/2002,12134.5,,,,
09/08/2002,12411.1,,,,
10/08/2002,12127.2,,,,
11/08/2002,11848.5,,,,
12/08/2002,11888.8,,,,
13/08/2002,11967.3,,,,
14/08/2002,11925.2,,,,
15/08/2002,11679.3,,,,
16/08/2002,11965.9,,,,
17/08/2002,12104.7,,,,
18/08/2002,12063.9,,,,
19/08/2002,12137.9,,,,
20/08/2002,12156.5,,,,
21/08/2002,12079.2,,,,
22/08/2002,12025.3,,,,
23/08/2002,12030.4,,,,
24/08/2002,11891,,,,
25/08/2002,12067.7,,,,
26/08/2002,12077,,,,
27/08/2002,11936.4,,,,
28/08/2002,11901.2,,,,
29/08/2002,11915.8,,,,
30/08/2002,11964.1,,,,
31/08/2002,11606.8,,,,
01/09/2002,11586,,,,
02/09/2002,11372,,,,
03/09/2002,11270.3,,,,
04/09/2002,11419.3,,,,
05/09/2002,11301,,,,
06/09/2002,11153.9,,,,
07/09/2002,10903.6,,,,
08/09/2002,11038.6,,,,
09/09/2002,10777.4,,,,
10/09/2002,10845.5,,,,
11/09/2002,10907.4,,,,
12/09/2002,11084.9,,,,
13/09/2002,11067.5,,,,
14/09/2002,11081.2,,,,
15/09/2002,11094.8,,,,
16/09/2002,10786.6,,,,
17/09/2002,10603,,,,
18/09/2002,10778,,,,
19/09/2002,10780.9,,,,
20/09/2002,10732.6,,,,
21/09/2002,10504.5,,,,
22/09/2002,10209.1,,,,
23/09/2002,10337.8,,,,
24/09/2002,10583.2,,,,
25/09/2002,10808.2,,,,
26/09/2002,11002.3,,,,
27/09/2002,11007.4,,,,
28/09/2002,11024.4,,,,
29/09/2002,11175.1,,,,
30/09/2002,11430.4,,,,
01/10/2002,11504.3,,,,
02/10/2002,11323.8,,,,
03/10/2002,10991.9,,,,
04/10/2002,10879.8,,,,
05/10/2002,10764,,,,
06/10/2002,10537.7,,,,
07/10/2002,10710,,,,
08/10/2002,10771.1,,,,
09/10/2002,10716.3,,,,
10/10/2002,10686,,,,
11/10/2002,10699.7,,,,
12/10/2002,10720.8,,,,
13/10/2002,10958.3,,,,
14/10/2002,10905.8,,,,
15/10/2002,10852.4,,,,
16/10/2002,11167.1,,,,
17/10/2002,10930.8,,,,
18/10/2002,10671.4,,,,
19/10/2002,10737.7,,,,
20/10/2002,10599.7,,,,
21/10/2002,10566.9,,,,
22/10/2002,10399.5,,,,
23/10/2002,10143.7,,,,
24/10/2002,10075,,,,
25/10/2002,9645.1,,,,
26/10/2002,9082.3,,,,
27/10/2002,9347.7,,,,
28/10/2002,9304.2,,,,
29/10/2002,9816.4,,,,
30/10/2002,9907.3,,,,
31/10/2002,9790.5,,,,
01/11/2002,9530.1,,,,
02/11/2002,9483.5,,,,
03/11/2002,9795.7,,,,
04/11/2002,9466.1,,,,
05/11/2002,9607.4,,,,
06/11/2002,9803.5,,,,
07/11/2002,9912.7,,,,
08/11/2002,9762.8,,,,
09/11/2002,9689.7,,,,
10/11/2002,9525.5,,,,
11/11/2002,9474.2,,,,
12/11/2002,9522.1,,,,
13/11/2002,9470.7,,,,
14/11/2002,9270.9,,,,
15/11/2002,9227.7,,,,
16/11/2002,8854.7,,,,
17/11/2002,8898.2,,,,
18/11/2002,8740.4,,,,
19/11/2002,8893,,,,
20/11/2002,8657.1,,,,
21/11/2002,8716.4,,,,
22/11/2002,8919,,,,
23/11/2002,8863.3,,,,
24/11/2002,9103.1,,,,
25/11/2002,9597,,,,
26/11/2002,9590.6,,,,
27/11/2002,9634.3,,,,
28/11/2002,9716.1,,,,
29/11/2002,10288.6,,,,
30/11/2002,10302.3,,,,
01/12/2002,10155.6,,,,
02/12/2002,10140,,,,
03/12/2002,10233.6,,,,
04/12/2002,10216.5,,,,
05/12/2002,10117,,,,
06/12/2002,10120.5,,,,
07/12/2002,10252.6,,,,
08/12/2002,10385.9,,,,
09/12/2002,10703.3,,,,
10/12/2002,10718.5,,,,
11/12/2002,10634.8,,,,
12/12/2002,10688.4,,,,
13/12/2002,10599.8,,,,
14/12/2002,10705.1,,,,
15/12/2002,10735,,,,
16/12/2002,10882.1,,,,
17/12/2002,10933,,,,
18/12/2002,10743.7,,,,
19/12/2002,10885.8,,,,
20/12/2002,10794.6,,,,
21/12/2002,10741.3,,,,
22/12/2002,10807.6,,,,
23/12/2002,10562.6,,,,
24/12/2002,10536,,,,
25/12/2002,10561.5,,,,
26/12/2002,10763.5,,,,
27/12/2002,10858,,,,
28/12/2002,10814.6,,,,
29/12/2002,10895.2,,,,
30/12/2002,10895,,,,
31/12/2002,10745.7,,,,
01/01/2003,10780.3,,,,
02/01/2003,10938.1,,,,
03/01/2003,10963,,,,
04/01/2003,11103.2,,,,
05/01/2003,10997.8,,,,
06/01/2003,10918.5,,,,
07/01/2003,10621.9,,,,
08/01/2003,10427.6,,,,
09/01/2003,10421.1,,,,
10/01/2003,10146.6,,,,
11/01/2003,10147.2,,,,
12/01/2003,10137,,,,
13/01/2003,9989.5,,,,
14/01/2003,9852.6,,,,
15/01/2003,9958.3,,,,
16/01/2003,9902.9,,,,
17/01/2003,9884.5,,,,
18/01/2003,9833.9,,,,
19/01/2003,9744.9,,,,
20/01/2003,9751.3,,,,
21/01/2003,10131.7,,,,
22/01/2003,9918.6,,,,
23/01/2003,9981.9,,,,
24/01/2003,9982.4,,,,
25/01/2003,9732.6,,,,
26/01/2003,9769.7,,,,
27/01/2003,9324.1,,,,
28/01/2003,9121.8,,,,
29/01/2003,9100.4,,,,
30/01/2003,9007.8,,,,
31/01/2003,8944.2,,,,
01/02/2003,8921.1,,,,
02/02/2003,8492.2,,,,
03/02/2003,8491.6,,,,
04/02/2003,8586,,,,
05/02/2003,8273.2,,,,
06/02/2003,8484.9,,,,
07/02/2003,8586.2,,,,
08/02/2003,8534.3,,,,
09/02/2003,8794.1,,,,
10/02/2003,8734,,,,
11/02/2003,8702,,,,
12/02/2003,8772.7,,,,
13/02/2003,8768.9,,,,
14/02/2003,8635.4,,,,
15/02/2003,8641.6,,,,
16/02/2003,8918.6,,,,
17/02/2003,8818.7,,,,
18/02/2003,8508,,,,
19/02/2003,8333.5,,,,
20/02/2003,8605.7,,,,
21/02/2003,8035.5,,,,
22/02/2003,8445.9,,,,
23/02/2003,8775.8,,,,
24/02/2003,8608.2,,,,
25/02/2003,9024.6,,,,
26/02/2003,9025.3,,,,
27/02/2003,9024.9,,,,
28/02/2003,9323.7,,,,
01/03/2003,9054.6,,,,
02/03/2003,8844.2,,,,
03/03/2003,8870.3,,,,
04/03/2003,9052.2,,,,
05/03/2003,9228.5,,,,
06/03/2003,9423.7,,,,
07/03/2003,9508.6,,,,
08/03/2003,9575.4,,,,
09/03/2003,9818,,,,
10/03/2003,9703.2,,,,
11/03/2003,9385.9,,,,
12/03/2003,9459.5,,,,
13/03/2003,9284.9,,,,
14/03/2003,9586.1,,,,
15/03/2003,9761.1,,,,
16/03/2003,9600.5,,,,
17/03/2003,9617.3,,,,
18/03/2003,9746.4,,,,
19/03/2003,9797.2,,,,
20/03/2003,9641.2,,,,
21/03/2003,9572.9,,,,
22/03/2003,9596.4,,,,
23/03/2003,9463.3,,,,
24/03/2003,9446.6,,,,
25/03/2003,9714,,,,
26/03/2003,9609.6,,,,
27/03/2003,9568.7,,,,
28/03/2003,9589.4,,,,
29/03/2003,9387.2,,,,
30/03/2003,9412.5,,,,
31/03/2003,9185.9,,,,
01/04/2003,9429.9,,,,
02/04/2003,9586,,,,
03/04/2003,9600,,,,
04/04/2003,9921.3,,,,
05/04/2003,9800.7,,,,
06/04/2003,9723,,,,
07/04/2003,9670.4,,,,
08/04/2003,9817.4,,,,
09/04/2003,9894.2,,,,
10/04/2003,9802.6,,,,
11/04/2003,9848.8,,,,
12/04/2003,9824.5,,,,
13/04/2003,9912.7,,,,
14/04/2003,10142.5,,,,
15/04/2003,10279.7,,,,
16/04/2003,10032.1,,,,
17/04/2003,9959.1,,,,
18/04/2003,9786.7,,,,
19/04/2003,9687.9,,,,
20/04/2003,9772.1,,,,
21/04/2003,9579.6,,,,
22/04/2003,9600.9,,,,
23/04/2003,9677.1,,,,
24/04/2003,9534,,,,
25/04/2003,9555.3,,,,
26/04/2003,9764.1,,,,
27/04/2003,9810,,,,
28/04/2003,9731,,,,
29/04/2003,9680.8,,,,
30/04/2003,9822.3,,,,
01/05/2003,9850.2,,,,
02/05/2003,9961.6,,,,
03/05/2003,10017,,,,
04/05/2003,10153.9,,,,
05/05/2003,10111.1,,,,
06/05/2003,10120.7,,,,
07/05/2003,10148.7,,,,
08/05/2003,9975.5,,,,
09/05/2003,10088.6,,,,
10/05/2003,10052.3,,,,
11/05/2003,10193.6,,,,
12/05/2003,10251.1,,,,
13/05/2003,10321.8,,,,
14/05/2003,10109.5,,,,
15/05/2003,9884.3,,,,
16/05/2003,9643.8,,,,
17/05/2003,9781,,,,
18/05/2003,9617.6,,,,
19/05/2003,9819.8,,,,
20/05/2003,10069.3,,,,
21/05/2003,10027.1,,,,
22/05/2003,10017,,,,
23/05/2003,10255.1,,,,
24/05/2003,9462.7,,,,
25/05/2003,9660,,,,
26/05/2003,9959.8,,,,
27/05/2003,10137.9,,,,
28/05/2003,10466.9,,,,
29/05/2003,10458.8,,,,
30/05/2003,10310.7,,,,
31/05/2003,10260.7,,,,
01/06/2003,10327.3,,,,
02/06/2003,10467.6,,,,
03/06/2003,10789.9,,,,
04/06/2003,11038.4,,,,
05/06/2003,11075.6,,,,
06/06/2003,11154.3,,,,
07/06/2003,11144.1,,,,
08/06/2003,11135.5,,,,
09/06/2003,11209,,,,
10/06/2003,11560,,,,
11/06/2003,11570.7,,,,
12/06/2003,11682.6,,,,
13/06/2003,11771.2,,,,
14/06/2003,11763.3,,,,
15/06/2003,11786.2,,,,
16/06/2003,11847.8,,,,
17/06/2003,11852,,,,
18/06/2003,11751,,,,
19/06/2003,11524.7,,,,
20/06/2003,11479.9,,,,
21/06/2003,11610.8,,,,
22/06/2003,11696.4,,,,
23/06/2003,11858.7,,,,
24/06/2003,11999.6,,,,
25/06/2003,11891.7,,,,
26/06/2003,11937.2,,,,
27/06/2003,11877.1,,,,
28/06/2003,11898,,,,
29/06/2003,11892.9,,,,
30/06/2003,11695.1,,,,
01/07/2003,11845,,,,
02/07/2003,11701.7,,,,
03/07/2003,11628.6,,,,
04/07/2003,11774.4,,,,
05/07/2003,11820.2,,,,
06/07/2003,11790.9,,,,
07/07/2003,11948.8,,,,
08/07/2003,11858.3,,,,
09/07/2003,11785.6,,,,
10/07/2003,11594.3,,,,
11/07/2003,11654.7,,,,
12/07/2003,11821.5,,,,
13/07/2003,11894,,,,
14/07/2003,11828.5,,,,
15/07/2003,11989.3,,,,
16/07/2003,11956,,,,
17/07/2003,11779.4,,,,
18/07/2003,11650.8,,,,
19/07/2003,11534.3,,,,
20/07/2003,11571.5,,,,
21/07/2003,11621.3,,,,
22/07/2003,11538.4,,,,
23/07/2003,11709.3,,,,
24/07/2003,11632.9,,,,
25/07/2003,11710.5,,,,
26/07/2003,12111,,,,
27/07/2003,12075.8,,,,
28/07/2003,11918.8,,,,
29/07/2003,12026.3,,,,
30/07/2003,12036,,,,
31/07/2003,12217.4,,,,
01/08/2003,12200.6,,,,
02/08/2003,12272.1,,,,
03/08/2003,12350.9,,,,
04/08/2003,12402,,,,
05/08/2003,12432.1,,,,
06/08/2003,12478.6,,,,
07/08/2003,12617.6,,,,
08/08/2003,12520.4,,,,
09/08/2003,12612.4,,,,
10/08/2003,12430.3,,,,
11/08/2003,12553.3,,,,
12/08/2003,12469.7,,,,
13/08/2003,12726.5,,,,
14/08/2003,12798,,,,
15/08/2003,12758.5,,,,
16/08/2003,12745.5,,,,
17/08/2003,12641.7,,,,
18/08/2003,12794.9,,,,
19/08/2003,12674.4,,,,
20/08/2003,12738.6,,,,
21/08/2003,12776.8,,,,
22/08/2003,12710.2,,,,
23/08/2003,12626.3,,,,
24/08/2003,12495.2,,,,
25/08/2003,12496.8,,,,
26/08/2003,12289.5,,,,
27/08/2003,12538.5,,,,
28/08/2003,12603.3,,,,
29/08/2003,13000,,,,
30/08/2003,13446,,,,
31/08/2003,13147.1,,,,
01/09/2003,13520.9,,,,
02/09/2003,13399.4,,,,
03/09/2003,13314.9,,,,
04/09/2003,13433.7,,,,
05/09/2003,13501.6,,,,
06/09/2003,13690.1,,,,
07/09/2003,13991.9,,,,
08/09/2003,14133.6,,,,
09/09/2003,14329.2,,,,
10/09/2003,14217.1,,,,
11/09/2003,14220.7,,,,
12/09/2003,13960.1,,,,
13/09/2003,14034.8,,,,
14/09/2003,14229.8,,,,
15/09/2003,14048.2,,,,
16/09/2003,14274.9,,,,
17/09/2003,14207.7,,,,
18/09/2003,14455.5,,,,
19/09/2003,14670.1,,,,
20/09/2003,14567.6,,,,
21/09/2003,14660.7,,,,
22/09/2003,14542.5,,,,
23/09/2003,14406.4,,,,
24/09/2003,14436.7,,,,
25/09/2003,14548,,,,
26/09/2003,14289.7,,,,
27/09/2003,14222.5,,,,
28/09/2003,14231.4,,,,
29/09/2003,13951.1,,,,
30/09/2003,14032.1,,,,
01/10/2003,14108.2,,,,
02/10/2003,14174.9,,,,
03/10/2003,14044.8,,,,
04/10/2003,14090.4,,,,
05/10/2003,14194.4,,,,
06/10/2003,14324,,,,
07/10/2003,14172.2,,,,
08/10/2003,14131.5,,,,
09/10/2003,13963.9,,,,
10/10/2003,14275,,,,
11/10/2003,14368.2,,,,
12/10/2003,14140.8,,,,
13/10/2003,14358.2,,,,
14/10/2003,14234.3,,,,
15/10/2003,14006.4,,,,
16/10/2003,14129.1,,,,
17/10/2003,14158.6,,,,
18/10/2003,14309.6,,,,
19/10/2003,14216,,,,
20/10/2003,14555.8,,,,
21/10/2003,14795,,,,
22/10/2003,14688.5,,,,
23/10/2003,14777.3,,,,
24/10/2003,14500,,,,
25/10/2003,14467.2,,,,
26/10/2003,14664.9,,,,
27/10/2003,14824.4,,,,
28/10/2003,14654.6,,,,
29/10/2003,14560.3,,,,
30/10/2003,14569.4,,,,
31/10/2003,14650.3,,,,
01/11/2003,14683.5,,,,
02/11/2003,15330.4,,,,
03/11/2003,15719.9,,,,
04/11/2003,15635.7,,,,
05/11/2003,15694.7,,,,
06/11/2003,15560.3,,,,
07/11/2003,15297.8,,,,
08/11/2003,15427,,,,
09/11/2003,15672.8,,,,
10/11/2003,15535.6,,,,
11/11/2003,15316.2,,,,
12/11/2003,15054.6,,,,
13/11/2003,15078,,,,
14/11/2003,15076.1,,,,
15/11/2003,15403.3,,,,
16/11/2003,15291.6,,,,
17/11/2003,15326.2,,,,
18/11/2003,15166.4,,,,
19/11/2003,14986.5,,,,
20/11/2003,14999.8,,,,
21/11/2003,14713.8,,,,
22/11/2003,14717.6,,,,
23/11/2003,14944.1,,,,
24/11/2003,14893.9,,,,
25/11/2003,15049.4,,,,
26/11/2003,15197.9,,,,
27/11/2003,15378.5,,,,
28/11/2003,15370.2,,,,
29/11/2003,15067.8,,,,
30/11/2003,15106.5,,,,
01/12/2003,15225.2,,,,
02/12/2003,15191,,,,
03/12/2003,14831.9,,,,
04/12/2003,14867.4,,,,
05/12/2003,14994.3,,,,
06/12/2003,15090.1,,,,
07/12/2003,14971.6,,,,
08/12/2003,15025.1,,,,
09/12/2003,15089,,,,
10/12/2003,15349.3,,,,
11/12/2003,15463.1,,,,
12/12/2003,15406.7,,,,
13/12/2003,15398.2,,,,
14/12/2003,15155.2,,,,
15/12/2003,15077.4,,,,
16/12/2003,15045.4,,,,
17/12/2003,14753.5,,,,
18/12/2003,14930.3,,,,
19/12/2003,15070,,,,
20/12/2003,15332.7,,,,
21/12/2003,15592.2,,,,
22/12/2003,15358.4,,,,
23/12/2003,15219.9,,,,
24/12/2003,14910.9,,,,
25/12/2003,14986.8,,,,
26/12/2003,14936.6,,,,
27/12/2003,14681.9,,,,
28/12/2003,14599.1,,,,
29/12/2003,14820.6,,,,
30/12/2003,14681.3,,,,
31/12/2003,14795.2,,,,
01/01/2004,14883.3,,,,
02/01/2004,14848.6,,,,
03/01/2004,14688.2,,,,
04/01/2004,14706.3,,,,
05/01/2004,14629.8,,,,
06/01/2004,14407.7,,,,
07/01/2004,14327.1,,,,
08/01/2004,14490.1,,,,
09/01/2004,14563.6,,,,
10/01/2004,14748,,,,
11/01/2004,14753.4,,,,
12/01/2004,14732.6,,,,
13/01/2004,14745.7,,,,
14/01/2004,14767.2,,,,
15/01/2004,14503.9,,,,
16/01/2004,14593.5,,,,
17/01/2004,14572.2,,,,
18/01/2004,14468.6,,,,
19/01/2004,14442.3,,,,
20/01/2004,14523,,,,
21/01/2004,14885.2,,,,
22/01/2004,14733.4,,,,
23/01/2004,14771,,,,
24/01/2004,14628.9,,,,
25/01/2004,14313.6,,,,
26/01/2004,14374.5,,,,
27/01/2004,14602.1,,,,
28/01/2004,14457.4,,,,
29/01/2004,14556.1,,,,
30/01/2004,14559.7,,,,
31/01/2004,14481.3,,,,
01/02/2004,14539.4,,,,
02/02/2004,14599.3,,,,
03/02/2004,14354.1,,,,
04/02/2004,14340.7,,,,
05/02/2004,14640.2,,,,
06/02/2004,14585,,,,
07/02/2004,14549.6,,,,
08/02/2004,14547.6,,,,
09/02/2004,14503.1,,,,
10/02/2004,14559.7,,,,
11/02/2004,14651.4,,,,
12/02/2004,14918.5,,,,
13/02/2004,14940.3,,,,
14/02/2004,14915.8,,,,
15/02/2004,15146.2,,,,
16/02/2004,14822.4,,,,
17/02/2004,14946.4,,,,
18/02/2004,15017.2,,,,
19/02/2004,14944.6,,,,
20/02/2004,15008.7,,,,
21/02/2004,15153.3,,,,
22/02/2004,15247.9,,,,
23/02/2004,15329.9,,,,
24/02/2004,15115.3,,,,
25/02/2004,15017.7,,,,
26/02/2004,15024.2,,,,
27/02/2004,14963.6,,,,
28/02/2004,14996.6,,,,
29/02/2004,15149.1,,,,
01/03/2004,15264.8,,,,
02/03/2004,15389.3,,,,
03/03/2004,15264.3,,,,
04/03/2004,15087,,,,
05/03/2004,14931.4,,,,
06/03/2004,15013.8,,,,
07/03/2004,14843.2,,,,
08/03/2004,15113.6,,,,
09/03/2004,15150.6,,,,
10/03/2004,15067.5,,,,
11/03/2004,15018.3,,,,
12/03/2004,15219.2,,,,
13/03/2004,15283.9,,,,
14/03/2004,15320.9,,,,
15/03/2004,15283.4,,,,
16/03/2004,15045,,,,
17/03/2004,14943.1,,,,
18/03/2004,15081.9,,,,
19/03/2004,15259.8,,,,
20/03/2004,15354.4,,,,
21/03/2004,15297.7,,,,
22/03/2004,15200.9,,,,
23/03/2004,15147.8,,,,
24/03/2004,15335.1,,,,
25/03/2004,15247,,,,
26/03/2004,15459.2,,,,
27/03/2004,15493.3,,,,
28/03/2004,15279.9,,,,
29/03/2004,15217.5,,,,
30/03/2004,15226.9,,,,
31/03/2004,15251.3,,,,
01/04/2004,15230.9,,,,
02/04/2004,15343.9,,,,
03/04/2004,15342.3,,,,
04/04/2004,15282.6,,,,
05/04/2004,15275.7,,,,
06/04/2004,15296.2,,,,
07/04/2004,15438.8,,,,
08/04/2004,15399.1,,,,
09/04/2004,15625.3,,,,
10/04/2004,15715.7,,,,
11/04/2004,15860.6,,,,
12/04/2004,16015.5,,,,
13/04/2004,16154,,,,
14/04/2004,16012,,,,
15/04/2004,15963.6,,,,
16/04/2004,16003.1,,,,
17/04/2004,15972.5,,,,
18/04/2004,16135.6,,,,
19/04/2004,16293.9,,,,
20/04/2004,16416,,,,
21/04/2004,16222.8,,,,
22/04/2004,16309.3,,,,
23/04/2004,16356.5,,,,
24/04/2004,7314.1,,,,
25/04/2004,7167.7,,,,
26/04/2004,7046.3,,,,
27/04/2004,7442.6,,,,
28/04/2004,7496.4,,,,
29/04/2004,7382.6,,,,
30/04/2004,7266,,,,
01/05/2004,7183.6,,,,
02/05/2004,7188.7,,,,
03/05/2004,7244.4,,,,
04/05/2004,7132.3,,,,
05/05/2004,7059.9,,,,
06/05/2004,6960.7,,,,
07/05/2004,6855.2,,,,
08/05/2004,6789.3,,,,
09/05/2004,6616,,,,
10/05/2004,6679.6,,,,
11/05/2004,6783.3,,,,
12/05/2004,6791.8,,,,
13/05/2004,6614.3,,,,
14/05/2004,6620.3,,,,
15/05/2004,6625.8,,,,
16/05/2004,6667.5,,,,
17/05/2004,6697.5,,,,
18/05/2004,6907.8,,,,
19/05/2004,6904.7,,,,
20/05/2004,6776.1,,,,
21/05/2004,6639.1,,,,
22/05/2004,6590.3,,,,
23/05/2004,6460.7,,,,
24/05/2004,6393.8,,,,
25/05/2004,6421.1,,,,
26/05/2004,6431.5,,,,
27/05/2004,6292.3,,,,
28/05/2004,6155.5,,,,
29/05/2004,5796.5,,,,
30/05/2004,5753.2,,,,
31/05/2004,5648.2,,,,
01/06/2004,5760.6,,,,
02/06/2004,5683.9,,,,
03/06/2004,5602.3,,,,
04/06/2004,5584.6,,,,
05/06/2004,5548.8,,,,
06/06/2004,5536.5,,,,
07/06/2004,5410.7,,,,
08/06/2004,5475.1,,,,
09/06/2004,5370.3,,,,
10/06/2004,5396.5,,,,
11/06/2004,5490.9,,,,
12/06/2004,5566.5,,,,
13/06/2004,5600.6,,,,
14/06/2004,5541.8,,,,
15/06/2004,6106.1,,,,
16/06/2004,5954.4,,,,
17/06/2004,5908.2,,,,
18/06/2004,5878.3,,,,
19/06/2004,5771.1,,,,
20/06/2004,5626.2,,,,
21/06/2004,5704.4,,,,
22/06/2004,5693.6,,,,
23/06/2004,5645.9,,,,
24/06/2004,5572.6,,,,
25/06/2004,5615.1,,,,
26/06/2004,5696.1,,,,
27/06/2004,5715.7,,,,
28/06/2004,5894.8,,,,
29/06/2004,5810.9,,,,
30/06/2004,5804.7,,,,
01/07/2004,5715.8,,,,
02/07/2004,5664,,,,
03/07/2004,5637.7,,,,
04/07/2004,5692.1,,,,
05/07/2004,5629.7,,,,
06/07/2004,5554.1,,,,
07/07/2004,5348.4,,,,
08/07/2004,5414,,,,
09/07/2004,5370.4,,,,
10/07/2004,5308.5,,,,
11/07/2004,5422.3,,,,
12/07/2004,5513.2,,,,
13/07/2004,5495.8,,,,
14/07/2004,5500.5,,,,
15/07/2004,5550.4,,,,
16/07/2004,5573.9,,,,
17/07/2004,5637.8,,,,
18/07/2004,5653.7,,,,
19/07/2004,5612.9,,,,
20/07/2004,5613.2,,,,
21/07/2004,5647.2,,,,
22/07/2004,5662.3,,,,
23/07/2004,5705.2,,,,
24/07/2004,5649.2,,,,
25/07/2004,5643.6,,,,
26/07/2004,5670.3,,,,
27/07/2004,5740.7,,,,
28/07/2004,5677.1,,,,
29/07/2004,5622.3,,,,
30/07/2004,5575.7,,,,
31/07/2004,5408.2,,,,
01/08/2004,5447.6,,,,
02/08/2004,5389.7,,,,
03/08/2004,5360.6,,,,
04/08/2004,5421.9,,,,
05/08/2004,5497,,,,
06/08/2004,5414.6,,,,
07/08/2004,5315.6,,,,
08/08/2004,5303.2,,,,
09/08/2004,5298.7,,,,
10/08/2004,5222.8,,,,
11/08/2004,5203.9,,,,
12/08/2004,5121.6,,,,
13/08/2004,5064.2,,,,
14/08/2004,4940.4,,,,
15/08/2004,4977.8,,,,
16/08/2004,4864.6,,,,
17/08/2004,4874.9,,,,
18/08/2004,4913,,,,
19/08/2004,4889.4,,,,
20/08/2004,4910.8,,,,
21/08/2004,4909.9,,,,
22/08/2004,4900.8,,,,
23/08/2004,4885.8,,,,
24/08/2004,4968.5,,,,
25/08/2004,5000.2,,,,
26/08/2004,5090.4,,,,
27/08/2004,5112.5,,,,
28/08/2004,5213.8,,,,
29/08/2004,5190.7,,,,
30/08/2004,5197.6,,,,
31/08/2004,5233.9,,,,
01/09/2004,5380.6,,,,
02/09/2004,5383.8,,,,
03/09/2004,5386.3,,,,
04/09/2004,5345.1,,,,
05/09/2004,5358.3,,,,
06/09/2004,5349.7,,,,
07/09/2004,5318.4,,,,
08/09/2004,5315.9,,,,
09/09/2004,5347.2,,,,
10/09/2004,5388.4,,,,
11/09/2004,5435.9,,,,
12/09/2004,5320.7,,,,
13/09/2004,5344.4,,,,
14/09/2004,5323.4,,,,
15/09/2004,5261.1,,,,
16/09/2004,5162.4,,,,
17/09/2004,5103.4,,,,
18/09/2004,5145.5,,,,
19/09/2004,5118,,,,
20/09/2004,5108.4,,,,
21/09/2004,5187.6,,,,
22/09/2004,5214.7,,,,
23/09/2004,5196.4,,,,
24/09/2004,5193.9,,,,
25/09/2004,5161.8,,,,
26/09/2004,5171.9,,,,
27/09/2004,5185.1,,,,
28/09/2004,5171.9,,,,
29/09/2004,5173.6,,,,
30/09/2004,5155.1,,,,
01/10/2004,5112.6,,,,
02/10/2004,5115.3,,,,
03/10/2004,5085.4,,,,
04/10/2004,5065.9,,,,
05/10/2004,5121.7,,,,
06/10/2004,5172.8,,,,
07/10/2004,5228.1,,,,
08/10/2004,5263.7,,,,
09/10/2004,5312.6,,,,
10/10/2004,5368.6,,,,
11/10/2004,5524.4,,,,
12/10/2004,5555.8,,,,
13/10/2004,5534.6,,,,
14/10/2004,5459.5,,,,
15/10/2004,5466.9,,,,
16/10/2004,5422.2,,,,
17/10/2004,5439.5,,,,
18/10/2004,5438.6,,,,
19/10/2004,5439.4,,,,
20/10/2004,5388.8,,,,
21/10/2004,5313,,,,
22/10/2004,5226.5,,,,
23/10/2004,5210.5,,,,
24/10/2004,5294.2,,,,
25/10/2004,5184.8,,,,
26/10/2004,5247.4,,,,
27/10/2004,5177.2,,,,
28/10/2004,5223.6,,,,
29/10/2004,5325.4,,,,
30/10/2004,5365,,,,
31/10/2004,5378,,,,
01/11/2004,5409.6,,,,
02/11/2004,5369.8,,,,
03/11/2004,5343.1,,,,
04/11/2004,5277.3,,,,
05/11/2004,5191.2,,,,
06/11/2004,5144.2,,,,
07/11/2004,5120.2,,,,
08/11/2004,5135,,,,
09/11/2004,5145,,,,
10/11/2004,5093.5,,,,
11/11/2004,5230.9,,,,
12/11/2004,5358.2,,,,
13/11/2004,5376.8,,,,
14/11/2004,5654.6,,,,
15/11/2004,5705.9,,,,
16/11/2004,5633.7,,,,
17/11/2004,5659.1,,,,
18/11/2004,5645.7,,,,
19/11/2004,5901.9,,,,
20/11/2004,5962,,,,
21/11/2004,5921.9,,,,
22/11/2004,5969,,,,
23/11/2004,6007.3,,,,
24/11/2004,6016.6,,,,
25/11/2004,6022.7,,,,
26/11/2004,6001.9,,,,
27/11/2004,5877.3,,,,
28/11/2004,5716.8,,,,
29/11/2004,5750.8,,,,
30/11/2004,5772.6,,,,
01/12/2004,5712.4,,,,
02/12/2004,5724.3,,,,
03/12/2004,5690.1,,,,
04/12/2004,5714.7,,,,
05/12/2004,5750.6,,,,
06/12/2004,5844.8,,,,
07/12/2004,5874.4,,,,
08/12/2004,5898.2,,,,
09/12/2004,5873.6,,,,
10/12/2004,5844.2,,,,
11/12/2004,5776.1,,,,
12/12/2004,5810.1,,,,
13/12/2004,5823.6,,,,
14/12/2004,5873.4,,,,
15/12/2004,5917.7,,,,
16/12/2004,5900.1,,,,
17/12/2004,6080.1,,,,
18/12/2004,6221.7,,,,
19/12/2004,6141.4,,,,
20/12/2004,6177.4,,,,
21/12/2004,6081.9,,,,
22/12/2004,6046.4,,,,
23/12/2004,6028.4,,,,
24/12/2004,6045.6,,,,
25/12/2004,5945.9,,,,
26/12/2004,6035.7,,,,
27/12/2004,6106.9,,,,
28/12/2004,6107.6,,,,
29/12/2004,6199.1,,,,
30/12/2004,6266.6,,,,
31/12/2004,6245.8,,,,
01/01/2005,5956.9,,,,
02/01/2005,6026.4,,,,
03/01/2005,6147.1,,,,
04/01/2005,6104.1,,,,
05/01/2005,6003.7,,,,
06/01/2005,6013.4,,,,
07/01/2005,5854.8,,,,
08/01/2005,5836.4,,,,
09/01/2005,5818.6,,,,
10/01/2005,5759.7,,,,
11/01/2005,5829.8,,,,
12/01/2005,5800.9,,,,
13/01/2005,5773.7,,,,
14/01/2005,5829.1,,,,
15/01/2005,5871.9,,,,
16/01/2005,5877.3,,,,
17/01/2005,5906.3,,,,
18/01/2005,5901.4,,,,
19/01/2005,5851.3,,,,
20/01/2005,5893.2,,,,
21/01/2005,6125,,,,
22/01/2005,6160.2,,,,
23/01/2005,6241,,,,
24/01/2005,6188.2,,,,
25/01/2005,6152.7,,,,
26/01/2005,6044.4,,,,
27/01/2005,6022.2,,,,
28/01/2005,5961.3,,,,
29/01/2005,6031.8,,,,
30/01/2005,6071.1,,,,
31/01/2005,6055.8,,,,
01/02/2005,6108.4,,,,
02/02/2005,6118.6,,,,
03/02/2005,6153.1,,,,
04/02/2005,6201.5,,,,
05/02/2005,6225.8,,,,
06/02/2005,6199.7,,,,
07/02/2005,6224.3,,,,
08/02/2005,6216.9,,,,
09/02/2005,6303.5,,,,
10/02/2005,6379,,,,
11/02/2005,6273.9,,,,
12/02/2005,6357,,,,
13/02/2005,6422.2,,,,
14/02/2005,6456.6,,,,
15/02/2005,6382.5,,,,
16/02/2005,6384.1,,,,
17/02/2005,6367.7,,,,
18/02/2005,6432.2,,,,
19/02/2005,6417.8,,,,
20/02/2005,6320.7,,,,
21/02/2005,6395.4,,,,
22/02/2005,6364.9,,,,
23/02/2005,6353.1,,,,
24/02/2005,6266.4,,,,
25/02/2005,5794.1,,,,
26/02/2005,5597.3,,,,
27/02/2005,5570.1,,,,
28/02/2005,5588.8,,,,
01/03/2005,5789.4,,,,
02/03/2005,5704.7,,,,
03/03/2005,5649.3,,,,
04/03/2005,5680.6,,,,
05/03/2005,5684.3,,,,
06/03/2005,5591.7,,,,
07/03/2005,5573,,,,
08/03/2005,5672.4,,,,
09/03/2005,5651.2,,,,
10/03/2005,5792.3,,,,
11/03/2005,5879.1,,,,
12/03/2005,5977.3,,,,
13/03/2005,5839.2,,,,
14/03/2005,5905.4,,,,
15/03/2005,5971.2,,,,
16/03/2005,6023.4,,,,
17/03/2005,6033,,,,
18/03/2005,6003.9,,,,
19/03/2005,6075.5,,,,
20/03/2005,6081.7,,,,
21/03/2005,6160.5,,,,
22/03/2005,6265.2,,,,
23/03/2005,6414.4,,,,
24/03/2005,6355.2,,,,
25/03/2005,6286,,,,
26/03/2005,6274.1,,,,
27/03/2005,6327.9,,,,
28/03/2005,6239.9,,,,
29/03/2005,6233.1,,,,
30/03/2005,6359.5,,,,
31/03/2005,6373.6,,,,
01/04/2005,6402.7,,,,
02/04/2005,6474.9,,,,
03/04/2005,6546.4,,,,
04/04/2005,6732.2,,,,
05/04/2005,6798.5,,,,
06/04/2005,6846.3,,,,
07/04/2005,6798.1,,,,
08/04/2005,6650.7,,,,
09/04/2005,6675,,,,
10/04/2005,6662.2,,,,
11/04/2005,6716.6,,,,
12/04/2005,6667.3,,,,
13/04/2005,6787.3,,,,
14/04/2005,6786,,,,
15/04/2005,6911.8,,,,
16/04/2005,6867.1,,,,
17/04/2005,6846.2,,,,
18/04/2005,6829.6,,,,
19/04/2005,6771.6,,,,
20/04/2005,6751.1,,,,
21/04/2005,6619.9,,,,
22/04/2005,6442.4,,,,
23/04/2005,6327.5,,,,
24/04/2005,6312.3,,,,
25/04/2005,6336.1,,,,
26/04/2005,6244.4,,,,
27/04/2005,6397.6,,,,
28/04/2005,6554.3,,,,
29/04/2005,6452.5,,,,
30/04/2005,6511.3,,,,
01/05/2005,6589.7,,,,
02/05/2005,6534.4,,,,
03/05/2005,6602.7,,,,
04/05/2005,6551.8,,,,
05/05/2005,6551,,,,
06/05/2005,6577,,,,
07/05/2005,6519.1,,,,
08/05/2005,6559.1,,,,
09/05/2005,6576.5,,,,
10/05/2005,6549.1,,,,
11/05/2005,6517.8,,,,
12/05/2005,6496.9,,,,
13/05/2005,6448.2,,,,
14/05/2005,6406.8,,,,
15/05/2005,6358.5,,,,
16/05/2005,6498.3,,,,
17/05/2005,6485.1,,,,
18/05/2005,6408.7,,,,
19/05/2005,6351.9,,,,
20/05/2005,6247.2,,,,
21/05/2005,6207.9,,,,
22/05/2005,6291.8,,,,
23/05/2005,6318.3,,,,
24/05/2005,6328,,,,
25/05/2005,6323.8,,,,
26/05/2005,6348.4,,,,
27/05/2005,6431.6,,,,
28/05/2005,6443,,,,
29/05/2005,6373.8,,,,
30/05/2005,6383.4,,,,
31/05/2005,6402.5,,,,
01/06/2005,6452.6,,,,
02/06/2005,6476.6,,,,
03/06/2005,6497.9,,,,
04/06/2005,6567.9,,,,
05/06/2005,6543,,,,
06/06/2005,6513.4,,,,
07/06/2005,6452.5,,,,
08/06/2005,6482.5,,,,
09/06/2005,6621.6,,,,
10/06/2005,6658.3,,,,
11/06/2005,6721.1,,,,
12/06/2005,6752,,,,
13/06/2005,6793.1,,,,
14/06/2005,6725.9,,,,
15/06/2005,6671.2,,,,
16/06/2005,6605.7,,,,
17/06/2005,6554.9,,,,
18/06/2005,6718.2,,,,
19/06/2005,6746.2,,,,
20/06/2005,6722,,,,
21/06/2005,6661.9,,,,
22/06/2005,6588.4,,,,
23/06/2005,6169,,,,
24/06/2005,6305.5,,,,
25/06/2005,6277.6,,,,
26/06/2005,6150,,,,
27/06/2005,6070.1,,,,
28/06/2005,6022.4,,,,
29/06/2005,6022.1,,,,
30/06/2005,5817.3,,,,
01/07/2005,5786,,,,
02/07/2005,5907.4,,,,
03/07/2005,6014,,,,
04/07/2005,6051.1,,,,
05/07/2005,6175,,,,
06/07/2005,6485.9,,,,
07/07/2005,6469.2,,,,
08/07/2005,6425.7,,,,
09/07/2005,6467.8,,,,
10/07/2005,6677.2,,,,
11/07/2005,6767.6,,,,
12/07/2005,6730.7,,,,
13/07/2005,6678.4,,,,
14/07/2005,6769.9,,,,
15/07/2005,6891.6,,,,
16/07/2005,6758.8,,,,
17/07/2005,6746.6,,,,
18/07/2005,6723.5,,,,
19/07/2005,6775.5,,,,
20/07/2005,6730.3,,,,
21/07/2005,6659,,,,
22/07/2005,6676.5,,,,
23/07/2005,6794.6,,,,
24/07/2005,6837.1,,,,
25/07/2005,6882.9,,,,
26/07/2005,6863.5,,,,
27/07/2005,6844.2,,,,
28/07/2005,6826.7,,,,
29/07/2005,6945,,,,
30/07/2005,6872.6,,,,
31/07/2005,6822.6,,,,
01/08/2005,6867.2,,,,
02/08/2005,6877.2,,,,
03/08/2005,6974.4,,,,
04/08/2005,7122.3,,,,
05/08/2005,7059.5,,,,
06/08/2005,7021.3,,,,
07/08/2005,7167.2,,,,
08/08/2005,7086.3,,,,
09/08/2005,7256.2,,,,
10/08/2005,7250.1,,,,
11/08/2005,7316.2,,,,
12/08/2005,7162,,,,
13/08/2005,7080.9,,,,
14/08/2005,7233.7,,,,
15/08/2005,7237,,,,
16/08/2005,7218.8,,,,
17/08/2005,7210.6,,,,
18/08/2005,7165.5,,,,
19/08/2005,7122.5,,,,
20/08/2005,7167.9,,,,
21/08/2005,7199.9,,,,
22/08/2005,7191.5,,,,
23/08/2005,7224.1,,,,
24/08/2005,7225.4,,,,
25/08/2005,7193.6,,,,
26/08/2005,7084.4,,,,
27/08/2005,7070.8,,,,
28/08/2005,7028,,,,
29/08/2005,6959.6,,,,
30/08/2005,6971.6,,,,
31/08/2005,6994.1,,,,
01/09/2005,7074.5,,,,
02/09/2005,7081.2,,,,
03/09/2005,6991.9,,,,
04/09/2005,7088.6,,,,
05/09/2005,7223.8,,,,
06/09/2005,7194.1,,,,
07/09/2005,7066.7,,,,
08/09/2005,7259.9,,,,
09/09/2005,7310.7,,,,
10/09/2005,7436.6,,,,
11/09/2005,7371.8,,,,
12/09/2005,7409.2,,,,
13/09/2005,7339.8,,,,
14/09/2005,7397.1,,,,
15/09/2005,7197.6,,,,
16/09/2005,7165.4,,,,
17/09/2005,7040.1,,,,
18/09/2005,7142.4,,,,
19/09/2005,7180.3,,,,
20/09/2005,7140.2,,,,
21/09/2005,7217.9,,,,
22/09/2005,7189.8,,,,
23/09/2005,7171.6,,,,
24/09/2005,7158,,,,
25/09/2005,7258.3,,,,
26/09/2005,7307.1,,,,
27/09/2005,7260.9,,,,
28/09/2005,7433.2,,,,
29/09/2005,7551.6,,,,
30/09/2005,7664.2,,,,
01/10/2005,7555.4,,,,
02/10/2005,7549.6,,,,
03/10/2005,7466.7,,,,
04/10/2005,7458.2,,,,
05/10/2005,7551.6,,,,
06/10/2005,7565.8,,,,
07/10/2005,7685.1,,,,
08/10/2005,7622.4,,,,
09/10/2005,7672.3,,,,
10/10/2005,7594.1,,,,
11/10/2005,7570.9,,,,
12/10/2005,7531.8,,,,
13/10/2005,7668.2,,,,
14/10/2005,7634.8,,,,
15/10/2005,7601.3,,,,
16/10/2005,7630.1,,,,
17/10/2005,7674.3,,,,
18/10/2005,7636.2,,,,
19/10/2005,7761.3,,,,
20/10/2005,7968.5,,,,
21/10/2005,7921.4,,,,
22/10/2005,7876.7,,,,
23/10/2005,7884.2,,,,
24/10/2005,7916.6,,,,
25/10/2005,7908.9,,,,
26/10/2005,7972.3,,,,
27/10/2005,7991.7,,,,
28/10/2005,7908.3,,,,
29/10/2005,7923.2,,,,
30/10/2005,7996.1,,,,
31/10/2005,7935.7,,,,
01/11/2005,7833.4,,,,
02/11/2005,7713.6,,,,
03/11/2005,7736.3,,,,
04/11/2005,7598.1,,,,
05/11/2005,7521.3,,,,
06/11/2005,7560.9,,,,
07/11/2005,7635.2,,,,
08/11/2005,7754.5,,,,
09/11/2005,7705.4,,,,
10/11/2005,7703.7,,,,
11/11/2005,7730,,,,
12/11/2005,7685,,,,
13/11/2005,7690.6,,,,
14/11/2005,7675.7,,,,
15/11/2005,7651.5,,,,
16/11/2005,7640.8,,,,
17/11/2005,7712.7,,,,
18/11/2005,7791,,,,
19/11/2005,7825,,,,
20/11/2005,7794.9,,,,
21/11/2005,7803.4,,,,
22/11/2005,7718.8,,,,
23/11/2005,7732.8,,,,
24/11/2005,7731,,,,
25/11/2005,7617.6,,,,
26/11/2005,7902.3,,,,
27/11/2005,7838.5,,,,
28/11/2005,7791.1,,,,
29/11/2005,7939.4,,,,
30/11/2005,7959,,,,
01/12/2005,7902.1,,,,
02/12/2005,7926.3,,,,
03/12/2005,7949.7,,,,
04/12/2005,7981.8,,,,
05/12/2005,8061,,,,
06/12/2005,8160.7,,,,
07/12/2005,8150.5,,,,
08/12/2005,8117,,,,
09/12/2005,8128.1,,,,
10/12/2005,8040,,,,
11/12/2005,7949.8,,,,
12/12/2005,7961.8,,,,
13/12/2005,7969.6,,,,
14/12/2005,7974.4,,,,
15/12/2005,8032.3,,,,
16/12/2005,8037.4,,,,
17/12/2005,7878.1,,,,
18/12/2005,8014,,,,
19/12/2005,7949.3,,,,
20/12/2005,7816.6,,,,
21/12/2005,7963.9,,,,
22/12/2005,8061.5,,,,
23/12/2005,8045.1,,,,
24/12/2005,7997.4,,,,
25/12/2005,7935.5,,,,
26/12/2005,7824.3,,,,
27/12/2005,7881.2,,,,
28/12/2005,7647.4,,,,
29/12/2005,7655.3,,,,
30/12/2005,7682.7,,,,
31/12/2005,7611.4,,,,
01/01/2006,7463.8,,,,
02/01/2006,7365,,,,
03/01/2006,7427.7,,,,
04/01/2006,7275.4,,,,
05/01/2006,7394.9,,,,
06/01/2006,7610.7,,,,
07/01/2006,7621.6,,,,
08/01/2006,7508.1,,,,
09/01/2006,7422.7,,,,
10/01/2006,7480.5,,,,
11/01/2006,7481.2,,,,
12/01/2006,7471.5,,,,
13/01/2006,7536.9,,,,
14/01/2006,7487.2,,,,
15/01/2006,7422.2,,,,
16/01/2006,7299,,,,
17/01/2006,7121.5,,,,
18/01/2006,7102.1,,,,
19/01/2006,7106.5,,,,
20/01/2006,7107.9,,,,
21/01/2006,6947.9,,,,
22/01/2006,6815.1,,,,
23/01/2006,6663,,,,
24/01/2006,6320.9,,,,
25/01/2006,6406.4,,,,
26/01/2006,6357.8,,,,
27/01/2006,6613.1,,,,
28/01/2006,6704.2,,,,
29/01/2006,6805.8,,,,
30/01/2006,6659.1,,,,
31/01/2006,6519.3,,,,
01/02/2006,6299.4,,,,
02/02/2006,6384.8,,,,
03/02/2006,6393,,,,
04/02/2006,6444.2,,,,
05/02/2006,6543.3,,,,
06/02/2006,6531.1,,,,
07/02/2006,6369.2,,,,
08/02/2006,6362,,,,
09/02/2006,6457,,,,
10/02/2006,6393.3,,,,
11/02/2006,6441.8,,,,
12/02/2006,6451.5,,,,
13/02/2006,6581.6,,,,
14/02/2006,6775.7,,,,
15/02/2006,6742.4,,,,
16/02/2006,6616.2,,,,
17/02/2006,6669.6,,,,
18/02/2006,6595.6,,,,
19/02/2006,6484.9,,,,
20/02/2006,6445.6,,,,
21/02/2006,6546,,,,
22/02/2006,6356.2,,,,
23/02/2006,6254.7,,,,
24/02/2006,6182.7,,,,
25/02/2006,6270.1,,,,
26/02/2006,6283.3,,,,
27/02/2006,6370.8,,,,
28/02/2006,6438.9,,,,
01/03/2006,6435.9,,,,
02/03/2006,6445.3,,,,
03/03/2006,6388.6,,,,
04/03/2006,6343.7,,,,
05/03/2006,6186.4,,,,
06/03/2006,6161.6,,,,
07/03/2006,6087.6,,,,
08/03/2006,5938.8,,,,
09/03/2006,5770.4,,,,
10/03/2006,5840.5,,,,
11/03/2006,6032.2,,,,
12/03/2006,5973,,,,
13/03/2006,5864.4,,,,
14/03/2006,5753.6,,,,
15/03/2006,5737,,,,
16/03/2006,5687.3,,,,
17/03/2006,5753.2,,,,
18/03/2006,5578.2,,,,
19/03/2006,5409.4,,,,
20/03/2006,5426.2,,,,
21/03/2006,5458,,,,
22/03/2006,5766.1,,,,
23/03/2006,5732.8,,,,
24/03/2006,5995.7,,,,
25/03/2006,5919.4,,,,
26/03/2006,6111.2,,,,
27/03/2006,6286.3,,,,
28/03/2006,6204.9,,,,
29/03/2006,6284.9,,,,
30/03/2006,6211.4,,,,
31/03/2006,6293.9,,,,
01/04/2006,6090.3,,,,
02/04/2006,6133.6,,,,
03/04/2006,6008.3,,,,
04/04/2006,6116.2,,,,
05/04/2006,6206.2,,,,
06/04/2006,6200.7,,,,
07/04/2006,6329.3,,,,
08/04/2006,6443.4,,,,
09/04/2006,6404.8,,,,
10/04/2006,6400.1,,,,
11/04/2006,6309.5,,,,
12/04/2006,6147.7,,,,
13/04/2006,6147.3,,,,
14/04/2006,6152.8,,,,
15/04/2006,6249.6,,,,
16/04/2006,6226,,,,
17/04/2006,6285.3,,,,
18/04/2006,6235.4,,,,
19/04/2006,6253.6,,,,
20/04/2006,6396.5,,,,
21/04/2006,6412.4,,,,
22/04/2006,6479.3,,,,
23/04/2006,6423.9,,,,
24/04/2006,6641.8,,,,
25/04/2006,6785.1,,,,
26/04/2006,6881.1,,,,
27/04/2006,6906.9,,,,
28/04/2006,6737.3,,,,
29/04/2006,6618,,,,
30/04/2006,6676.8,,,,
01/05/2006,6590.4,,,,
02/05/2006,6523.5,,,,
03/05/2006,6538.2,,,,
04/05/2006,6569.5,,,,
05/05/2006,6480.8,,,,
06/05/2006,6456.4,,,,
07/05/2006,6456.4,,,,
08/05/2006,6363.1,,,,
09/05/2006,6305.5,,,,
10/05/2006,6217,,,,
11/05/2006,6218.6,,,,
12/05/2006,6143.8,,,,
13/05/2006,6073,,,,
14/05/2006,6117.8,,,,
15/05/2006,6118.2,,,,
16/05/2006,6175.2,,,,
17/05/2006,6152.8,,,,
18/05/2006,6102.5,,,,
19/05/2006,6088,,,,
20/05/2006,6095.6,,,,
21/05/2006,6141.4,,,,
22/05/2006,6155.5,,,,
23/05/2006,6199.3,,,,
24/05/2006,6226,,,,
25/05/2006,6190.2,,,,
26/05/2006,6238.1,,,,
27/05/2006,6230.8,,,,
28/05/2006,6185.4,,,,
29/05/2006,6171.2,,,,
30/05/2006,6149.6,,,,
31/05/2006,6020.3,,,,
01/06/2006,5945,,,,
02/06/2006,5900.3,,,,
03/06/2006,5860,,,,
04/06/2006,5840.3,,,,
05/06/2006,5935.2,,,,
06/06/2006,5927.8,,,,
07/06/2006,5932.3,,,,
08/06/2006,5914.8,,,,
09/06/2006,5879.5,,,,
10/06/2006,5792.9,,,,
11/06/2006,5843.4,,,,
12/06/2006,5814.1,,,,
13/06/2006,5850.7,,,,
14/06/2006,5899.4,,,,
15/06/2006,5978.2,,,,
16/06/2006,6013.5,,,,
17/06/2006,6008.9,,,,
18/06/2006,6033.6,,,,
19/06/2006,6038.6,,,,
20/06/2006,6040.3,,,,
21/06/2006,5975,,,,
22/06/2006,5944.4,,,,
23/06/2006,5950.7,,,,
24/06/2006,5991.5,,,,
25/06/2006,6006.5,,,,
26/06/2006,5947.2,,,,
27/06/2006,5963.4,,,,
28/06/2006,5974.8,,,,
29/06/2006,5924.9,,,,
30/06/2006,5933.6,,,,
01/07/2006,5947.9,,,,
02/07/2006,5867.5,,,,
03/07/2006,5926.6,,,,
04/07/2006,6043.5,,,,
05/07/2006,6085.8,,,,
06/07/2006,6135.8,,,,
07/07/2006,6159.1,,,,
08/07/2006,6134.6,,,,
09/07/2006,6183.4,,,,
10/07/2006,6134,,,,
11/07/2006,6155,,,,
12/07/2006,6157.5,,,,
13/07/2006,6061.4,,,,
14/07/2006,6022.4,,,,
15/07/2006,5983.7,,,,
16/07/2006,5968.5,,,,
17/07/2006,6045.5,,,,
18/07/2006,6054.3,,,,
19/07/2006,6041.3,,,,
20/07/2006,6127.3,,,,
21/07/2006,6103.9,,,,
22/07/2006,6028.8,,,,
23/07/2006,6045.5,,,,
24/07/2006,6053.1,,,,
25/07/2006,6001.3,,,,
26/07/2006,6005.3,,,,
27/07/2006,6007.3,,,,
28/07/2006,6006.6,,,,
29/07/2006,6014.8,,,,
30/07/2006,6105,,,,
31/07/2006,6151.4,,,,
01/08/2006,6084.2,,,,
02/08/2006,6166.5,,,,
03/08/2006,6174,,,,
04/08/2006,6203.4,,,,
05/08/2006,6137.1,,,,
06/08/2006,6194.9,,,,
07/08/2006,6239.7,,,,
08/08/2006,6236.4,,,,
09/08/2006,6217.7,,,,
10/08/2006,6228.2,,,,
11/08/2006,6258.2,,,,
12/08/2006,6241.2,,,,
13/08/2006,6205.2,,,,
14/08/2006,6194.4,,,,
15/08/2006,6165.1,,,,
16/08/2006,6136.1,,,,
17/08/2006,6131.5,,,,
18/08/2006,6075.9,,,,
19/08/2006,6076.2,,,,
20/08/2006,6050.7,,,,
21/08/2006,6038,,,,
22/08/2006,6040.5,,,,
23/08/2006,6094.1,,,,
24/08/2006,6113.6,,,,
25/08/2006,6124.6,,,,
26/08/2006,6151,,,,
27/08/2006,6156.2,,,,
28/08/2006,6120.8,,,,
29/08/2006,6149,,,,
30/08/2006,6137.4,,,,
31/08/2006,6158.7,,,,
01/09/2006,6198,,,,
02/09/2006,6172.1,,,,
03/09/2006,6200.6,,,,
04/09/2006,6235.7,,,,
05/09/2006,6285,,,,
06/09/2006,6271.7,,,,
07/09/2006,6213.2,,,,
08/09/2006,6154.8,,,,
09/09/2006,6144.2,,,,
10/09/2006,6153.8,,,,
11/09/2006,6174.3,,,,
12/09/2006,6165.2,,,,
13/09/2006,6087.4,,,,
14/09/2006,6105.1,,,,
15/09/2006,6166.9,,,,
16/09/2006,6189.3,,,,
17/09/2006,6338.3,,,,
18/09/2006,6340.9,,,,
19/09/2006,6299.4,,,,
20/09/2006,6266.6,,,,
21/09/2006,6259.5,,,,
22/09/2006,6283.5,,,,
23/09/2006,6287.7,,,,
24/09/2006,6262.5,,,,
25/09/2006,6243.8,,,,
26/09/2006,6302.4,,,,
27/09/2006,6244.1,,,,
28/09/2006,6264.2,,,,
29/09/2006,6256.4,,,,
30/09/2006,6304.5,,,,
01/10/2006,6328,,,,
02/10/2006,6309.3,,,,
03/10/2006,6315.6,,,,
04/10/2006,6281.2,,,,
05/10/2006,6286.2,,,,
06/10/2006,6280.8,,,,
07/10/2006,6274.4,,,,
08/10/2006,6275.9,,,,
09/10/2006,6226,,,,
10/10/2006,6206.6,,,,
11/10/2006,6220.6,,,,
12/10/2006,6252.3,,,,
13/10/2006,6284.4,,,,
14/10/2006,6312.1,,,,
15/10/2006,6382.3,,,,
16/10/2006,6374.3,,,,
17/10/2006,6381.2,,,,
18/10/2006,6440.8,,,,
19/10/2006,6473.1,,,,
20/10/2006,6511.9,,,,
21/10/2006,6478.9,,,,
22/10/2006,6479.2,,,,
23/10/2006,6440.1,,,,
24/10/2006,6484.1,,,,
25/10/2006,6483.9,,,,
26/10/2006,6488.4,,,,
27/10/2006,6627.2,,,,
28/10/2006,6658.9,,,,
29/10/2006,6745.9,,,,
30/10/2006,6766.7,,,,
31/10/2006,6796.7,,,,
01/11/2006,6784.2,,,,
02/11/2006,6772.6,,,,
03/11/2006,6692.8,,,,
04/11/2006,6706.9,,,,
05/11/2006,6698.5,,,,
06/11/2006,6769,,,,
07/11/2006,6781.2,,,,
08/11/2006,6727.5,,,,
09/11/2006,6686.1,,,,
10/11/2006,6675.2,,,,
11/11/2006,6560.7,,,,
12/11/2006,6510.9,,,,
13/11/2006,6510,,,,
14/11/2006,6464.7,,,,
15/11/2006,6475.8,,,,
16/11/2006,6469.4,,,,
17/11/2006,6423.9,,,,
18/11/2006,6263.2,,,,
19/11/2006,6310.8,,,,
20/11/2006,6376.5,,,,
21/11/2006,6357.9,,,,
22/11/2006,6323.6,,,,
23/11/2006,6337.2,,,,
24/11/2006,6347.7,,,,
25/11/2006,6313.8,,,,
26/11/2006,6356.1,,,,
27/11/2006,6414.6,,,,
28/11/2006,6453.4,,,,
29/11/2006,6454.3,,,,
30/11/2006,6479,,,,
01/12/2006,6458,,,,
02/12/2006,6437.4,,,,
03/12/2006,6340.2,,,,
04/12/2006,6361.3,,,,
05/12/2006,6373,,,,
06/12/2006,6401.8,,,,
07/12/2006,6431.8,,,,
08/12/2006,6475.9,,,,
09/12/2006,6471,,,,
10/12/2006,6455,,,,
11/12/2006,6484.8,,,,
12/12/2006,6501.9,,,,
13/12/2006,6503.1,,,,
14/12/2006,6501.6,,,,
15/12/2006,6524.7,,,,
16/12/2006,6537.3,,,,
17/12/2006,6516.2,,,,
18/12/2006,6495.6,,,,
19/12/2006,6522.7,,,,
20/12/2006,6546.7,,,,
21/12/2006,6496.4,,,,
22/12/2006,6458.2,,,,
23/12/2006,6406.1,,,,
24/12/2006,6404.2,,,,
25/12/2006,6413,,,,
26/12/2006,6471.1,,,,
27/12/2006,6466,,,,
28/12/2006,6481.4,,,,
29/12/2006,6520.6,,,,
30/12/2006,6521.9,,,,
31/12/2006,6564.2,,,,
01/01/2007,6571,,,,
02/01/2007,6576.7,,,,
03/01/2007,6529.7,,,,
04/01/2007,6577.4,,,,
05/01/2007,6558.1,,,,
06/01/2007,6566.6,,,,
07/01/2007,6581.1,,,,
08/01/2007,6584.7,,,,
09/01/2007,6565.8,,,,
10/01/2007,6597.2,,,,
11/01/2007,6545.9,,,,
12/01/2007,6492.4,,,,
13/01/2007,6500.9,,,,
14/01/2007,6476.4,,,,
15/01/2007,6484.7,,,,
16/01/2007,6528,,,,
17/01/2007,6552.9,,,,
18/01/2007,6554.6,,,,
19/01/2007,6633.6,,,,
20/01/2007,6638,,,,
21/01/2007,6595,,,,
22/01/2007,6565.6,,,,
23/01/2007,6532.6,,,,
24/01/2007,6535.4,,,,
25/01/2007,6514.4,,,,
26/01/2007,6534.3,,,,
27/01/2007,6573.9,,,,
28/01/2007,6619.9,,,,
29/01/2007,6641.6,,,,
30/01/2007,6463.1,,,,
31/01/2007,6370.8,,,,
01/02/2007,6432.6,,,,
02/02/2007,6454.1,,,,
03/02/2007,6473.9,,,,
04/02/2007,6454.2,,,,
05/02/2007,6458.3,,,,
06/02/2007,6454.5,,,,
07/02/2007,6470,,,,
08/02/2007,6441.3,,,,
09/02/2007,6448.8,,,,
10/02/2007,6468.8,,,,
11/02/2007,6453.3,,,,
12/02/2007,6403.9,,,,
13/02/2007,6405.8,,,,
14/02/2007,6418.3,,,,
15/02/2007,6461,,,,
16/02/2007,6466.5,,,,
17/02/2007,6482.8,,,,
18/02/2007,6474,,,,
19/02/2007,6531.3,,,,
20/02/2007,6578.5,,,,
21/02/2007,6736.1,,,,
22/02/2007,6740.5,,,,
23/02/2007,6737.2,,,,
24/02/2007,6683.4,,,,
25/02/2007,6719.5,,,,
26/02/2007,6729.5,,,,
27/02/2007,6721,,,,
28/02/2007,6788.4,,,,
01/03/2007,6831,,,,
02/03/2007,6883.5,,,,
03/03/2007,6860.2,,,,
04/03/2007,6797.9,,,,
05/03/2007,6804.2,,,,
06/03/2007,6752.8,,,,
07/03/2007,6692.3,,,,
08/03/2007,6597,,,,
09/03/2007,6606.9,,,,
10/03/2007,6550.5,,,,
11/03/2007,6523,,,,
12/03/2007,6606.2,,,,
13/03/2007,6558,,,,
14/03/2007,6530.2,,,,
15/03/2007,6442.7,,,,
16/03/2007,6487.2,,,,
17/03/2007,6495.4,,,,
18/03/2007,6543.5,,,,
19/03/2007,6526,,,,
20/03/2007,6583,,,,
21/03/2007,6573.2,,,,
22/03/2007,6357.9,,,,
23/03/2007,6410.6,,,,
24/03/2007,6485,,,,
25/03/2007,6552.9,,,,
26/03/2007,6555.2,,,,
27/03/2007,6552.7,,,,
28/03/2007,6537.3,,,,
29/03/2007,6617.8,,,,
30/03/2007,6554.6,,,,
31/03/2007,6551.5,,,,
01/04/2007,6573,,,,
02/04/2007,6591.7,,,,
03/04/2007,6640.9,,,,
04/04/2007,6613.4,,,,
05/04/2007,6566.9,,,,
06/04/2007,6576.8,,,,
07/04/2007,6607.9,,,,
08/04/2007,6606.9,,,,
09/04/2007,6531.7,,,,
10/04/2007,6498.6,,,,
11/04/2007,6460.2,,,,
12/04/2007,6453.7,,,,
13/04/2007,6435.3,,,,
14/04/2007,6463,,,,
15/04/2007,6333.9,,,,
16/04/2007,6347.5,,,,
17/04/2007,6243.4,,,,
18/04/2007,6357.1,,,,
19/04/2007,6280.9,,,,
20/04/2007,6305.9,,,,
21/04/2007,6272.5,,,,
22/04/2007,6228.1,,,,
23/04/2007,6218.3,,,,
24/04/2007,6283.4,,,,
25/04/2007,6283,,,,
26/04/2007,6323.3,,,,
27/04/2007,6245.3,,,,
28/04/2007,6239.2,,,,
29/04/2007,6223.3,,,,
30/04/2007,6277.9,,,,
01/05/2007,6286.5,,,,
02/05/2007,6331.2,,,,
03/05/2007,6337.4,,,,
04/05/2007,6342.4,,,,
05/05/2007,6400.4,,,,
06/05/2007,6413.7,,,,
07/05/2007,6388.4,,,,
08/05/2007,6369.6,,,,
09/05/2007,6401.3,,,,
10/05/2007,6354.4,,,,
11/05/2007,6326.2,,,,
12/05/2007,6302.3,,,,
13/05/2007,6314.6,,,,
14/05/2007,6342.7,,,,
15/05/2007,6339.7,,,,
16/05/2007,6378.5,,,,
17/05/2007,6406.4,,,,
18/05/2007,6455.3,,,,
19/05/2007,6467.2,,,,
20/05/2007,6475.1,,,,
21/05/2007,6431.3,,,,
22/05/2007,6422.9,,,,
23/05/2007,6360,,,,
24/05/2007,6409.1,,,,
25/05/2007,6435.8,,,,
26/05/2007,6347.7,,,,
27/05/2007,6375.5,,,,
28/05/2007,6434.1,,,,
29/05/2007,6398.5,,,,
30/05/2007,6383.6,,,,
31/05/2007,6303.5,,,,
01/06/2007,6317.9,,,,
02/06/2007,6332.1,,,,
03/06/2007,6278.8,,,,
04/06/2007,6202.9,,,,
05/06/2007,6231.2,,,,
06/06/2007,6181.2,,,,
07/06/2007,6191.4,,,,
08/06/2007,6162.2,,,,
09/06/2007,6177.3,,,,
10/06/2007,6235.3,,,,
11/06/2007,6336.8,,,,
12/06/2007,6441.9,,,,
13/06/2007,6484.1,,,,
14/06/2007,6498.3,,,,
15/06/2007,6439.1,,,,
16/06/2007,6388.7,,,,
17/06/2007,6277.8,,,,
18/06/2007,6219,,,,
19/06/2007,6274.2,,,,
20/06/2007,6237.5,,,,
21/06/2007,6242,,,,
22/06/2007,6298.4,,,,
23/06/2007,6368.3,,,,
24/06/2007,6375.3,,,,
25/06/2007,6332,,,,
26/06/2007,6373.5,,,,
27/06/2007,6419.7,,,,
28/06/2007,6451.5,,,,
29/06/2007,6344.1,,,,
30/06/2007,6302.3,,,,
01/07/2007,6318.1,,,,
02/07/2007,6306.4,,,,
03/07/2007,6305.1,,,,
04/07/2007,6226.4,,,,
05/07/2007,6305.8,,,,
06/07/2007,6378.1,,,,
07/07/2007,6409.9,,,,
08/07/2007,6386,,,,
09/07/2007,6375.8,,,,
10/07/2007,6339.4,,,,
11/07/2007,6378.4,,,,
12/07/2007,6366.5,,,,
13/07/2007,6362.4,,,,
14/07/2007,6403.6,,,,
15/07/2007,6440.7,,,,
16/07/2007,6448.9,,,,
17/07/2007,6519.9,,,,
18/07/2007,6490,,,,
19/07/2007,6537.8,,,,
20/07/2007,6587.6,,,,
21/07/2007,6650.9,,,,
22/07/2007,6656.1,,,,
23/07/2007,6720.7,,,,
24/07/2007,6771.3,,,,
25/07/2007,6736.3,,,,
26/07/2007,6732.5,,,,
27/07/2007,6891.7,,,,
28/07/2007,6979.9,,,,
29/07/2007,7012.5,,,,
30/07/2007,7030.3,,,,
31/07/2007,7063,,,,
01/08/2007,6991.2,,,,
02/08/2007,6988,,,,
03/08/2007,6940.2,,,,
04/08/2007,6834.5,,,,
05/08/2007,6875,,,,
06/08/2007,6758.7,,,,
07/08/2007,6784.4,,,,
08/08/2007,6761.5,,,,
09/08/2007,6721.9,,,,
10/08/2007,6798,,,,
11/08/2007,6847.5,,,,
12/08/2007,6720.2,,,,
13/08/2007,6605.4,,,,
14/08/2007,6679.1,,,,
15/08/2007,6618.2,,,,
16/08/2007,6683.7,,,,
17/08/2007,6758.4,,,,
18/08/2007,6748.3,,,,
19/08/2007,6769.3,,,,
20/08/2007,6825.9,,,,
21/08/2007,6864.9,,,,
22/08/2007,6886.9,,,,
23/08/2007,6874.9,,,,
24/08/2007,6791.4,,,,
25/08/2007,6754.2,,,,
26/08/2007,6710.1,,,,
27/08/2007,6747.4,,,,
28/08/2007,6715.4,,,,
29/08/2007,6805,,,,
30/08/2007,6836.9,,,,
31/08/2007,6838.7,,,,
01/09/2007,6795.4,,,,
02/09/2007,6945,,,,
03/09/2007,6963.1,,,,
04/09/2007,7020.3,,,,
05/09/2007,7062.9,,,,
06/09/2007,7112.4,,,,
07/09/2007,7061.2,,,,
08/09/2007,7001.1,,,,
09/09/2007,6869.4,,,,
10/09/2007,6774.4,,,,
11/09/2007,6812.9,,,,
12/09/2007,6825.3,,,,
13/09/2007,6702.2,,,,
14/09/2007,6715.3,,,,
15/09/2007,6832.6,,,,
16/09/2007,6856.2,,,,
17/09/2007,6815.2,,,,
18/09/2007,6694.6,,,,
19/09/2007,6762.6,,,,
20/09/2007,6681.4,,,,
21/09/2007,6755.9,,,,
22/09/2007,6835.6,,,,
23/09/2007,6852.4,,,,
24/09/2007,6842.7,,,,
25/09/2007,6835.6,,,,
26/09/2007,6786.2,,,,
27/09/2007,6790.6,,,,
28/09/2007,6812.1,,,,
29/09/2007,6825.1,,,,
30/09/2007,6835.4,,,,
01/10/2007,6863.5,,,,
02/10/2007,6844.9,,,,
03/10/2007,6891.5,,,,
04/10/2007,6873.3,,,,
05/10/2007,6816.6,,,,
06/10/2007,6845.1,,,,
07/10/2007,6856.9,,,,
08/10/2007,6858.2,,,,
09/10/2007,6859.2,,,,
10/10/2007,6892.3,,,,
11/10/2007,6816.8,,,,
12/10/2007,6843.5,,,,
13/10/2007,6827,,,,
14/10/2007,6776,,,,
15/10/2007,6819.5,,,,
16/10/2007,6801.2,,,,
17/10/2007,6796.1,,,,
18/10/2007,6811.2,,,,
19/10/2007,6871.1,,,,
20/10/2007,6836.6,,,,
21/10/2007,6821.8,,,,
22/10/2007,6818.7,,,,
23/10/2007,6862.1,,,,
24/10/2007,6921.4,,,,
25/10/2007,6965.7,,,,
26/10/2007,6964.5,,,,
27/10/2007,7008,,,,
28/10/2007,6965.3,,,,
29/10/2007,6989.9,,,,
30/10/2007,6972.6,,,,
31/10/2007,7021.2,,,,
01/11/2007,6972.5,,,,
02/11/2007,7013.7,,,,
03/11/2007,6991.8,,,,
04/11/2007,6965.7,,,,
05/11/2007,6950.4,,,,
06/11/2007,7025.7,,,,
07/11/2007,7043.4,,,,
08/11/2007,7047.8,,,,
09/11/2007,7132.3,,,,
10/11/2007,7129,,,,
11/11/2007,7187.7,,,,
12/11/2007,7128.6,,,,
13/11/2007,7089,,,,
14/11/2007,7076.9,,,,
15/11/2007,7070.2,,,,
16/11/2007,7017.8,,,,
17/11/2007,7011.9,,,,
18/11/2007,7053,,,,
19/11/2007,6997.5,,,,
20/11/2007,6945.6,,,,
21/11/2007,6965.3,,,,
22/11/2007,6951.4,,,,
23/11/2007,6934,,,,
24/11/2007,6876.4,,,,
25/11/2007,6931.5,,,,
26/11/2007,6838.4,,,,
27/11/2007,6862.2,,,,
28/11/2007,6807.8,,,,
29/11/2007,6896.7,,,,
30/11/2007,6901.3,,,,
01/12/2007,6936.2,,,,
02/12/2007,6921.9,,,,
03/12/2007,6854.9,,,,
04/12/2007,6883.5,,,,
05/12/2007,6906.5,,,,
06/12/2007,6851.4,,,,
07/12/2007,6968.1,,,,
08/12/2007,6874.2,,,,
09/12/2007,6804,,,,
10/12/2007,6746.6,,,,
11/12/2007,6713.3,,,,
12/12/2007,6725.4,,,,
13/12/2007,6683.1,,,,
14/12/2007,6702.2,,,,
15/12/2007,6604.3,,,,
16/12/2007,6588.8,,,,
17/12/2007,6444,,,,
18/12/2007,6270.5,,,,
19/12/2007,6415.4,,,,
20/12/2007,6447.5,,,,
21/12/2007,6345.2,,,,
22/12/2007,6359.1,,,,
23/12/2007,6355.1,,,,
24/12/2007,6351.4,,,,
25/12/2007,6306.4,,,,
26/12/2007,6339.8,,,,
27/12/2007,6375,,,,
28/12/2007,6327,,,,
29/12/2007,6302.4,,,,
30/12/2007,6366.4,,,,
31/12/2007,6430.7,,,,
01/01/2008,6456.2,,,,
02/01/2008,6445.4,,,,
03/01/2008,6479.7,,,,
04/01/2008,6451.9,,,,
05/01/2008,6466.7,,,,
06/01/2008,6582.1,,,,
07/01/2008,6578,,,,
08/01/2008,6574.2,,,,
09/01/2008,6667.4,,,,
10/01/2008,6701.3,,,,
11/01/2008,6667.5,,,,
12/01/2008,6690.5,,,,
13/01/2008,6661.7,,,,
14/01/2008,6711,,,,
15/01/2008,6624.1,,,,
16/01/2008,6724.1,,,,
17/01/2008,6743.6,,,,
18/01/2008,6808.3,,,,
19/01/2008,6772.8,,,,
20/01/2008,6610.9,,,,
21/01/2008,6792.7,,,,
22/01/2008,6840.6,,,,
23/01/2008,6823.5,,,,
24/01/2008,6799.7,,,,
25/01/2008,6842.7,,,,
26/01/2008,6783.5,,,,
27/01/2008,6783.8,,,,
28/01/2008,6880.3,,,,
29/01/2008,6869,,,,
30/01/2008,6932.9,,,,
31/01/2008,6984.5,,,,
01/02/2008,6983.9,,,,
02/02/2008,6964,,,,
03/02/2008,6884.2,,,,
04/02/2008,6934.8,,,,
05/02/2008,6923.9,,,,
06/02/2008,6954.9,,,,
07/02/2008,6942,,,,
08/02/2008,6779.5,,,,
09/02/2008,6887.3,,,,
10/02/2008,6893.4,,,,
11/02/2008,6934.4,,,,
12/02/2008,6947.3,,,,
13/02/2008,6949.4,,,,
14/02/2008,7015,,,,
15/02/2008,7055.1,,,,
16/02/2008,7023.9,,,,
17/02/2008,7128.5,,,,
18/02/2008,7122.2,,,,
19/02/2008,7086.7,,,,
20/02/2008,7099.5,,,,
21/02/2008,7160.2,,,,
22/02/2008,7206.8,,,,
23/02/2008,7136,,,,
24/02/2008,7139.5,,,,
25/02/2008,7185.7,,,,
26/02/2008,7169.3,,,,
27/02/2008,7249.6,,,,
28/02/2008,7279.9,,,,
29/02/2008,7290.7,,,,
01/03/2008,7256.6,,,,
02/03/2008,7322.3,,,,
03/03/2008,7338.9,,,,
04/03/2008,7292.5,,,,
05/03/2008,7418.5,,,,
06/03/2008,7432,,,,
07/03/2008,7377.1,,,,
08/03/2008,7309.6,,,,
09/03/2008,7212.3,,,,
10/03/2008,7188.3,,,,
11/03/2008,7165.2,,,,
12/03/2008,7242.7,,,,
13/03/2008,7293.4,,,,
14/03/2008,7301.8,,,,
15/03/2008,7274.7,,,,
16/03/2008,7270.1,,,,
17/03/2008,7342.5,,,,
18/03/2008,7371.2,,,,
19/03/2008,7371,,,,
20/03/2008,7402.8,,,,
21/03/2008,7494.3,,,,
22/03/2008,7633.6,,,,
23/03/2008,7597.5,,,,
24/03/2008,7625,,,,
25/03/2008,7663,,,,
26/03/2008,7727.8,,,,
27/03/2008,7685.9,,,,
28/03/2008,7546.9,,,,
29/03/2008,7648.5,,,,
30/03/2008,7657.3,,,,
31/03/2008,7743.2,,,,
01/04/2008,7756.7,,,,
02/04/2008,7738.2,,,,
03/04/2008,7821.6,,,,
04/04/2008,7793.2,,,,
05/04/2008,7873.8,,,,
06/04/2008,7848.1,,,,
07/04/2008,7786.6,,,,
08/04/2008,7704.5,,,,
09/04/2008,7678.9,,,,
10/04/2008,7737.4,,,,
11/04/2008,7730.3,,,,
12/04/2008,7683.1,,,,
13/04/2008,7616.2,,,,
14/04/2008,7510.7,,,,
15/04/2008,7464.5,,,,
16/04/2008,7513.1,,,,
17/04/2008,7323.2,,,,
18/04/2008,7360.2,,,,
19/04/2008,7283.1,,,,
20/04/2008,7459.8,,,,
21/04/2008,7529.4,,,,
22/04/2008,7574.3,,,,
23/04/2008,7488.4,,,,
24/04/2008,7533.5,,,,
25/04/2008,7504.4,,,,
26/04/2008,7591.5,,,,
27/04/2008,7596.2,,,,
28/04/2008,7644.6,,,,
29/04/2008,7636.8,,,,
30/04/2008,7696.8,,,,
01/05/2008,7696.6,,,,
02/05/2008,7773.2,,,,
03/05/2008,7825,,,,
04/05/2008,7966.8,,,,
05/05/2008,7968.1,,,,
06/05/2008,7982.1,,,,
07/05/2008,8004.5,,,,
08/05/2008,8013.5,,,,
09/05/2008,8062,,,,
10/05/2008,8073.3,,,,
11/05/2008,8091,,,,
12/05/2008,8068.3,,,,
13/05/2008,8067.1,,,,
14/05/2008,8153.7,,,,
15/05/2008,8064.3,,,,
16/05/2008,8134.5,,,,
17/05/2008,8200.4,,,,
18/05/2008,8202.1,,,,
19/05/2008,8370.6,,,,
20/05/2008,8356.4,,,,
21/05/2008,8389.5,,,,
22/05/2008,8470.4,,,,
23/05/2008,8475.6,,,,
24/05/2008,8461.2,,,,
25/05/2008,8512.7,,,,
26/05/2008,8523.4,,,,
27/05/2008,8514.1,,,,
28/05/2008,8467.3,,,,
29/05/2008,8509.3,,,,
30/05/2008,8630.9,,,,
31/05/2008,8618.2,,,,
01/06/2008,8781.6,,,,
02/06/2008,8742.6,,,,
03/06/2008,8838,,,,
04/06/2008,8832.7,,,,
05/06/2008,8942.4,,,,
06/06/2008,9002.6,,,,
07/06/2008,9053.7,,,,
08/06/2008,9050.3,,,,
09/06/2008,8944.9,,,,
10/06/2008,8982.7,,,,
11/06/2008,8926.1,,,,
12/06/2008,8980.6,,,,
13/06/2008,9094.7,,,,
14/06/2008,8975.6,,,,
15/06/2008,9105.2,,,,
16/06/2008,9101.9,,,,
17/06/2008,9233,,,,
18/06/2008,9110.5,,,,
19/06/2008,9144.6,,,,
20/06/2008,9455.9,,,,
21/06/2008,9900.9,,,,
22/06/2008,9693.9,,,,
23/06/2008,9412.1,,,,
24/06/2008,9580.3,,,,
25/06/2008,9953.8,,,,
26/06/2008,10219.6,,,,
27/06/2008,10244.6,,,,
28/06/2008,10562.9,,,,
29/06/2008,10824.3,,,,
30/06/2008,10645.6,,,,
01/07/2008,10610,,,,
02/07/2008,10716.7,,,,
03/07/2008,10772.3,,,,
04/07/2008,10661.9,,,,
05/07/2008,10672.1,,,,
06/07/2008,10471.2,,,,
07/07/2008,10412,,,,
08/07/2008,10567.8,,,,
09/07/2008,10544.1,,,,
10/07/2008,10267.7,,,,
11/07/2008,10573.9,,,,
12/07/2008,10640.4,,,,
13/07/2008,10857.2,,,,
14/07/2008,10930.7,,,,
15/07/2008,11089.9,,,,
16/07/2008,11090.7,,,,
17/07/2008,11213.6,,,,
18/07/2008,10985.5,,,,
19/07/2008,11101.1,,,,
20/07/2008,11093.5,,,,
21/07/2008,11316.2,,,,
22/07/2008,11323.6,,,,
23/07/2008,10964.1,,,,
24/07/2008,10993.4,,,,
25/07/2008,11206.3,,,,
26/07/2008,11118.4,,,,
27/07/2008,11197.5,,,,
28/07/2008,11101.5,,,,
29/07/2008,11192.2,,,,
30/07/2008,11352.8,,,,
31/07/2008,11487.1,,,,
01/08/2008,11585.5,,,,
02/08/2008,11803.7,,,,
03/08/2008,11542.5,,,,
04/08/2008,11702.6,,,,
05/08/2008,11938.1,,,,
06/08/2008,12021.2,,,,
07/08/2008,11877.8,,,,
08/08/2008,11827.9,,,,
09/08/2008,11899.6,,,,
10/08/2008,12078.2,,,,
11/08/2008,12101.7,,,,
12/08/2008,12298.2,,,,
13/08/2008,12235.6,,,,
14/08/2008,12241.7,,,,
15/08/2008,12290.2,,,,
16/08/2008,12135,,,,
17/08/2008,12216.2,,,,
18/08/2008,12231,,,,
19/08/2008,12549.3,,,,
20/08/2008,12602.8,,,,
21/08/2008,13200.4,,,,
22/08/2008,12916.8,,,,
23/08/2008,13617.2,,,,
24/08/2008,13481.4,,,,
25/08/2008,13350.2,,,,
26/08/2008,13450.5,,,,
27/08/2008,12767.1,,,,
28/08/2008,13247.1,,,,
29/08/2008,13971,,,,
30/08/2008,13885.9,,,,
31/08/2008,13980.6,,,,
01/09/2008,14064.1,,,,
02/09/2008,14049,,,,
03/09/2008,14361,,,,
04/09/2008,14439.1,,,,
05/09/2008,14453.3,,,,
06/09/2008,13919.3,,,,
07/09/2008,13102.4,,,,
08/09/2008,12983,,,,
09/09/2008,11985.4,,,,
10/09/2008,11575.1,,,,
11/09/2008,11684.2,,,,
12/09/2008,11032.9,,,,
13/09/2008,11414,,,,
14/09/2008,11572.8,,,,
15/09/2008,12057.7,,,,
16/09/2008,12343.9,,,,
17/09/2008,11918.2,,,,
18/09/2008,12253.4,,,,
19/09/2008,12392.2,,,,
20/09/2008,12263.9,,,,
21/09/2008,12074,,,,
22/09/2008,11531.8,,,,
23/09/2008,10811.1,,,,
24/09/2008,10996.3,,,,
25/09/2008,10715.7,,,,
26/09/2008,10241.4,,,,
27/09/2008,10335.7,,,,
28/09/2008,11093.7,,,,
29/09/2008,10848.4,,,,
30/09/2008,11260.3,,,,
01/10/2008,10989.6,,,,
02/10/2008,11106.6,,,,
03/10/2008,11211.2,,,,
04/10/2008,11220.2,,,,
05/10/2008,11256.7,,,,
06/10/2008,11058,,,,
07/10/2008,11787.1,,,,
08/10/2008,12013.3,,,,
09/10/2008,12075.5,,,,
10/10/2008,12212.1,,,,
11/10/2008,11800.1,,,,
12/10/2008,12266.7,,,,
13/10/2008,12208.1,,,,
14/10/2008,12171.4,,,,
15/10/2008,12061.8,,,,
16/10/2008,12429.4,,,,
17/10/2008,12047.6,,,,
18/10/2008,12053.2,,,,
19/10/2008,11713.7,,,,
20/10/2008,11413.9,,,,
21/10/2008,11769.4,,,,
22/10/2008,11663.7,,,,
23/10/2008,11619.4,,,,
24/10/2008,11751.5,,,,
25/10/2008,11758.9,,,,
26/10/2008,11885.2,,,,
27/10/2008,12113.3,,,,
28/10/2008,12130,,,,
29/10/2008,12176.5,,,,
30/10/2008,12248.7,,,,
31/10/2008,12271.9,,,,
01/11/2008,12043.4,,,,
02/11/2008,11966.3,,,,
03/11/2008,11830.8,,,,
04/11/2008,12120.7,,,,
05/11/2008,12063,,,,
06/11/2008,12040.8,,,,
07/11/2008,11983.8,,,,
08/11/2008,12190.8,,,,
09/11/2008,12178.9,,,,
10/11/2008,12171.6,,,,
11/11/2008,12304.7,,,,
12/11/2008,12250.4,,,,
13/11/2008,12365,,,,
14/11/2008,12647.3,,,,
15/11/2008,12543.8,,,,
16/11/2008,12487.6,,,,
17/11/2008,12636,,,,
18/11/2008,12605,,,,
19/11/2008,12646,,,,
20/11/2008,12675.9,,,,
21/11/2008,12441.9,,,,
22/11/2008,12400.7,,,,
23/11/2008,12548.1,,,,
24/11/2008,12702.9,,,,
25/11/2008,12747.8,,,,
26/11/2008,12586.7,,,,
27/11/2008,12453,,,,
28/11/2008,12271.8,,,,
29/11/2008,12950.7,,,,
30/11/2008,12480.2,,,,
01/12/2008,12451.9,,,,
02/12/2008,12386.5,,,,
03/12/2008,12477.4,,,,
04/12/2008,12315,,,,
05/12/2008,12498.8,,,,
06/12/2008,12617,,,,
07/12/2008,12535.2,,,,
08/12/2008,12081,,,,
09/12/2008,12124.9,,,,
10/12/2008,12316.2,,,,
11/12/2008,12355.8,,,,
12/12/2008,12415.7,,,,
13/12/2008,12357.1,,,,
14/12/2008,12289.2,,,,
15/12/2008,12304,,,,
16/12/2008,12618.6,,,,
17/12/2008,12736.3,,,,
18/12/2008,12801.1,,,,
19/12/2008,13034.7,,,,
20/12/2008,13094.4,,,,
21/12/2008,13316.7,,,,
22/12/2008,13312.5,,,,
23/12/2008,13598.4,,,,
24/12/2008,13366.9,,,,
25/12/2008,13850.9,,,,
26/12/2008,13869.8,,,,
27/12/2008,13859.7,,,,
28/12/2008,13615.7,,,,
29/12/2008,13979.4,,,,
30/12/2008,13991.4,,,,
31/12/2008,14072.1,,,,
01/01/2009,14099,,,,
02/01/2009,13768,,,,
03/01/2009,13579,,,,
04/01/2009,13567,,,,
05/01/2009,13584.4,,,,
06/01/2009,13562.4,,,,
07/01/2009,13784.1,,,,
08/01/2009,13867.4,,,,
09/01/2009,13824,,,,
10/01/2009,13807.9,,,,
11/01/2009,13495.7,,,,
12/01/2009,13458.7,,,,
13/01/2009,13478.9,,,,
14/01/2009,13539.9,,,,
15/01/2009,13501.1,,,,
16/01/2009,13188,,,,
17/01/2009,13215.4,,,,
18/01/2009,13554.6,,,,
19/01/2009,13727.9,,,,
20/01/2009,13552,,,,
21/01/2009,13423.6,,,,
22/01/2009,13051.8,,,,
23/01/2009,12914.8,,,,
24/01/2009,13377.7,,,,
25/01/2009,13235.6,,,,
26/01/2009,12895.9,,,,
27/01/2009,13254.6,,,,
28/01/2009,13440.5,,,,
29/01/2009,13259.2,,,,
30/01/2009,13435.1,,,,
31/01/2009,13407.9,,,,
01/02/2009,13688.4,,,,
02/02/2009,13693.8,,,,
03/02/2009,13641.4,,,,
04/02/2009,13655.2,,,,
05/02/2009,13603.6,,,,
06/02/2009,13793.2,,,,
07/02/2009,13638,,,,
08/02/2009,13946.7,,,,
09/02/2009,13835.1,,,,
10/02/2009,13781.1,,,,
11/02/2009,13919.8,,,,
12/02/2009,14031.3,,,,
13/02/2009,13964,,,,
14/02/2009,14261.5,,,,
15/02/2009,13843.9,,,,
16/02/2009,13340.1,,,,
17/02/2009,13333.2,,,,
18/02/2009,13422.9,,,,
19/02/2009,13347,,,,
20/02/2009,13269.9,,,,
21/02/2009,13521,,,,
22/02/2009,13630.1,,,,
23/02/2009,13809.8,,,,
24/02/2009,13695.5,,,,
25/02/2009,13511.7,,,,
26/02/2009,13611.4,,,,
27/02/2009,13670.8,,,,
28/02/2009,13834.8,,,,
01/03/2009,13893.4,,,,
02/03/2009,14134.5,,,,
03/03/2009,14022.1,,,,
04/03/2009,13794.4,,,,
05/03/2009,13964.5,,,,
06/03/2009,13969.2,,,,
07/03/2009,14078.8,,,,
08/03/2009,14061.3,,,,
09/03/2009,14070.7,,,,
10/03/2009,13989.7,,,,
11/03/2009,14183.7,,,,
12/03/2009,14234.4,,,,
13/03/2009,14084.6,,,,
14/03/2009,14226.3,,,,
15/03/2009,13865.1,,,,
16/03/2009,14066.6,,,,
17/03/2009,14215.3,,,,
18/03/2009,14461.8,,,,
19/03/2009,14247.9,,,,
20/03/2009,14489.7,,,,
21/03/2009,14446.2,,,,
22/03/2009,14293.3,,,,
23/03/2009,14424.4,,,,
24/03/2009,14366.8,,,,
25/03/2009,14772.3,,,,
26/03/2009,13835.3,,,,
27/03/2009,13859.8,,,,
28/03/2009,13781.7,,,,
29/03/2009,13870.2,,,,
30/03/2009,13608.6,,,,
31/03/2009,13623.4,,,,
01/04/2009,13820.4,,,,
02/04/2009,14108.1,,,,
03/04/2009,14061.2,,,,
04/04/2009,14134.5,,,,
05/04/2009,14045.4,,,,
06/04/2009,13538.4,,,,
07/04/2009,13813.2,,,,
08/04/2009,13708.6,,,,
09/04/2009,13960,,,,
10/04/2009,14042.5,,,,
11/04/2009,14141.9,,,,
12/04/2009,14397.6,,,,
13/04/2009,14306,,,,
14/04/2009,14388.8,,,,
15/04/2009,14587.1,,,,
16/04/2009,14485.5,,,,
17/04/2009,14536.3,,,,
18/04/2009,14717.3,,,,
19/04/2009,14748.4,,,,
20/04/2009,14975,,,,
21/04/2009,15090.2,,,,
22/04/2009,14997.3,,,,
23/04/2009,15308.5,,,,
24/04/2009,15121.5,,,,
25/04/2009,15170.4,,,,
26/04/2009,15466.7,,,,
27/04/2009,15562.1,,,,
28/04/2009,15598.5,,,,
29/04/2009,15455.2,,,,
30/04/2009,15193.4,,,,
01/05/2009,15730.7,,,,
02/05/2009,15839.7,,,,
03/05/2009,15686,,,,
04/05/2009,15746.1,,,,
05/05/2009,15959.7,,,,
06/05/2009,15736.7,,,,
07/05/2009,15845.4,,,,
08/05/2009,15904.7,,,,
09/05/2009,15480.2,,,,
10/05/2009,16056.9,,,,
11/05/2009,16252.5,,,,
12/05/2009,15958.3,,,,
13/05/2009,15991.2,,,,
14/05/2009,15585.9,,,,
15/05/2009,15560.8,,,,
16/05/2009,15667.3,,,,
17/05/2009,15606.4,,,,
18/05/2009,15582.1,,,,
19/05/2009,15723.6,,,,
20/05/2009,15853.4,,,,
21/05/2009,15842.1,,,,
22/05/2009,15879.9,,,,
23/05/2009,15906.5,,,,
24/05/2009,15740.1,,,,
25/05/2009,15940,,,,
26/05/2009,15863.4,,,,
27/05/2009,15770.3,,,,
28/05/2009,15777.7,,,,
29/05/2009,15872.3,,,,
30/05/2009,15928.2,,,,
31/05/2009,16068.8,,,,
01/06/2009,15542.6,,,,
02/06/2009,15371.5,,,,
03/06/2009,15620.2,,,,
04/06/2009,15430.1,,,,
05/06/2009,15416.3,,,,
06/06/2009,15680,,,,
07/06/2009,15878.1,,,,
08/06/2009,15946.9,,,,
09/06/2009,15985.6,,,,
10/06/2009,16162.9,,,,
11/06/2009,16240.4,,,,
12/06/2009,15907.2,,,,
13/06/2009,15794.5,,,,
14/06/2009,15711.8,,,,
15/06/2009,15995.8,,,,
16/06/2009,16252.1,,,,
17/06/2009,16270.4,,,,
18/06/2009,16416.7,,,,
19/06/2009,16510.6,,,,
20/06/2009,16346.2,,,,
21/06/2009,16765.5,,,,
22/06/2009,16955.8,,,,
23/06/2009,16808.8,,,,
24/06/2009,16891.7,,,,
25/06/2009,17229.6,,,,
26/06/2009,17341.4,,,,
27/06/2009,17300.7,,,,
28/06/2009,16273.5,,,,
29/06/2009,16348.3,,,,
30/06/2009,16586.4,,,,
01/07/2009,16525.9,,,,
02/07/2009,16864.4,,,,
03/07/2009,16658.2,,,,
04/07/2009,16450,,,,
05/07/2009,15849,,,,
06/07/2009,15652.7,,,,
07/07/2009,15921.8,,,,
08/07/2009,16232,,,,
09/07/2009,15870.5,,,,
10/07/2009,16047.7,,,,
11/07/2009,15684.8,,,,
12/07/2009,15353.2,,,,
13/07/2009,15275.2,,,,
14/07/2009,15517.9,,,,
15/07/2009,14997.8,,,,
16/07/2009,14526.4,,,,
17/07/2009,14885,,,,
18/07/2009,14645.6,,,,
19/07/2009,14407.7,,,,
20/07/2009,13483.7,,,,
21/07/2009,13759.9,,,,
22/07/2009,13924.5,,,,
23/07/2009,14175.8,,,,
24/07/2009,14609.4,,,,
25/07/2009,14619.6,,,,
26/07/2009,14821.1,,,,
27/07/2009,14821.8,,,,
28/07/2009,14640.2,,,,
29/07/2009,14841.3,,,,
30/07/2009,15055.8,,,,
31/07/2009,15272.1,,,,
01/08/2009,15088.9,,,,
02/08/2009,15032.6,,,,
03/08/2009,14898.5,,,,
04/08/2009,15046.7,,,,
05/08/2009,14778.4,,,,
06/08/2009,14458.8,,,,
07/08/2009,14653.1,,,,
08/08/2009,14734.7,,,,
09/08/2009,14843.9,,,,
10/08/2009,14611.4,,,,
11/08/2009,14223.7,,,,
12/08/2009,14543.1,,,,
13/08/2009,15168.4,,,,
14/08/2009,15198.5,,,,
15/08/2009,15518.4,,,,
16/08/2009,15431.2,,,,
17/08/2009,14858,,,,
18/08/2009,15001.2,,,,
19/08/2009,15050.9,,,,
20/08/2009,14966.1,,,,
21/08/2009,15039.3,,,,
22/08/2009,15191.7,,,,
23/08/2009,15169.9,,,,
24/08/2009,14975,,,,
25/08/2009,15050.1,,,,
26/08/2009,15125,,,,
27/08/2009,15106.5,,,,
28/08/2009,15198.6,,,,
29/08/2009,15180.7,,,,
30/08/2009,15116.4,,,,
31/08/2009,14880.1,,,,
01/09/2009,14423,,,,
02/09/2009,14391.3,,,,
03/09/2009,14422.2,,,,
04/09/2009,14114.3,,,,
05/09/2009,13700.3,,,,
06/09/2009,13968.3,,,,
07/09/2009,13730,,,,
08/09/2009,13866.6,,,,
09/09/2009,13600.9,,,,
10/09/2009,13849.1,,,,
11/09/2009,13585.4,,,,
12/09/2009,13592.9,,,,
13/09/2009,13409.8,,,,
14/09/2009,13064.9,,,,
15/09/2009,12734.6,,,,
16/09/2009,12906.8,,,,
17/09/2009,12567.3,,,,
18/09/2009,12647.1,,,,
19/09/2009,12229.4,,,,
20/09/2009,11978.2,,,,
21/09/2009,11726.9,,,,
22/09/2009,11654.7,,,,
23/09/2009,11174.7,,,,
24/09/2009,11221.5,,,,
25/09/2009,10908.6,,,,
26/09/2009,11226.6,,,,
27/09/2009,10774.8,,,,
28/09/2009,10571.7,,,,
29/09/2009,11021.8,,,,
30/09/2009,11073.7,,,,
01/10/2009,11014.4,,,,
02/10/2009,11316.6,,,,
03/10/2009,11520.8,,,,
04/10/2009,11789.8,,,,
05/10/2009,11719.3,,,,
06/10/2009,11419.6,,,,
07/10/2009,11686.5,,,,
08/10/2009,11774.1,,,,
09/10/2009,11957.6,,,,
10/10/2009,11877.6,,,,
11/10/2009,12085.6,,,,
12/10/2009,12158.2,,,,
13/10/2009,11673.8,,,,
14/10/2009,11601.1,,,,
15/10/2009,11147.8,,,,
16/10/2009,11079.7,,,,
17/10/2009,10965.4,,,,
18/10/2009,11024,,,,
19/10/2009,11181.2,,,,
20/10/2009,11082,,,,
21/10/2009,11459.7,,,,
22/10/2009,11109.6,,,,
